"id","method","path","summary","request_schema","success_response_schema","error_response_schemas","status","issue","frontend_target","destructive","confirmation","backend_prerequisite","canonical_status","last_verified"
"1","GET","/admin/audit-logs","관리자 감사 로그 조회","-","200:AdminAuditLogResponse","401:ErrorResponse|403:ErrorResponse","implemented","#207","src/api/adminOperationHistoryApi.ts::getAdminAuditLogs -> src/hooks/useAdminOperationHistories.ts","no","해당 없음","계약 존재; 실서버 QA 미수행","admin: documented","2026-09-16T10:57:26.133Z"
"2","POST","/admin/ban/{userId}","사용자 밴 처리","BanRequest","200:BanResponse","400:{""oneOf"":[{""$ref"":""#/components/schemas/ErrorResponse""},{""$ref"":""#/components/schemas/ValidationErrorResponse""}]}|401:ErrorResponse|403:ErrorResponse|404:ErrorResponse","implemented","#207","src/api/adminUserBanApi.ts::banAdminUser -> src/hooks/useAdminBannedUsers.ts","yes","경고 dialog + 명시적 확정","계약 존재; 실서버 QA 미수행","admin: documented","2026-09-16T10:57:26.133Z"
"3","POST","/admin/ban/{userId}/release","사용자 밴 해제","UnbanRequest","200:UnbanResponse","400:{""oneOf"":[{""$ref"":""#/components/schemas/ErrorResponse""},{""$ref"":""#/components/schemas/ValidationErrorResponse""}]}|401:ErrorResponse|403:ErrorResponse|404:ErrorResponse|409:ErrorResponse","implemented","#207","src/api/adminUserBanApi.ts::releaseAdminUserBan -> src/hooks/useAdminBannedUsers.ts","yes","경고 dialog + 명시적 확정","계약 존재; 실서버 QA 미수행","admin: documented","2026-09-16T10:57:26.133Z"
"4","GET","/admin/community-reports","관리자 커뮤니티 신고 목록 조회","-","200:AdminCommunityReportPageResponse","400:{""oneOf"":[{""$ref"":""#/components/schemas/ErrorResponse""},{""$ref"":""#/components/schemas/ValidationErrorResponse""}]}|401:ErrorResponse|403:ErrorResponse","implemented","#216","src/api/adminCommunityApi.ts -> src/pages/community","no","해당 없음","모의 검증 완료; 실서버 QA 미수행; 댓글 postId는 서버 PR #1649 기준, 공개 Swagger 미반영","admin: documented","2026-09-17"
"5","GET","/admin/community-reports/{reportId}","관리자 커뮤니티 신고 상세 조회","-","200:AdminCommunityReportResponse","401:ErrorResponse|403:ErrorResponse|404:ErrorResponse","implemented","#216","src/api/adminCommunityApi.ts -> src/pages/community","no","해당 없음","모의 검증 완료; 실서버 QA 미수행; 댓글 postId는 서버 PR #1649 기준, 공개 Swagger 미반영","admin: documented","2026-09-17"
"6","POST","/admin/community-reports/{reportId}/accept","관리자 커뮤니티 신고 수락","-","200:AdminCommunityReportActionResponse","401:ErrorResponse|403:ErrorResponse|404:ErrorResponse|409:ErrorResponse","implemented","#216","src/api/adminCommunityApi.ts -> src/pages/community","review-required","신고 원문 일치 확인 + 대상 고정 AppDialog","모의 검증 완료; 실서버 QA 미수행; 댓글 postId는 서버 PR #1649 기준, 공개 Swagger 미반영","admin: documented","2026-09-17"
"7","POST","/admin/community-reports/{reportId}/decline","관리자 커뮤니티 신고 반려","-","200:AdminCommunityReportActionResponse","401:ErrorResponse|403:ErrorResponse|404:ErrorResponse|409:ErrorResponse","implemented","#216","src/api/adminCommunityApi.ts -> src/pages/community","review-required","신고 원문 일치 확인 + 대상 고정 AppDialog","모의 검증 완료; 실서버 QA 미수행; 댓글 postId는 서버 PR #1649 기준, 공개 Swagger 미반영","admin: documented","2026-09-17"
"8","GET","/admin/community/posts","관리자 커뮤니티 글 목록 조회","-","200:AdminCommunityPostPageResponse","400:{""oneOf"":[{""$ref"":""#/components/schemas/ErrorResponse""},{""$ref"":""#/components/schemas/ValidationErrorResponse""}]}|401:ErrorResponse|403:ErrorResponse","implemented","#216","src/api/adminCommunityApi.ts -> src/pages/community","no","해당 없음","모의 검증 완료; 실서버 QA 미수행; 댓글 postId는 서버 PR #1649 기준, 공개 Swagger 미반영","admin: documented","2026-09-17"
"9","GET","/admin/community/posts/{postId}","관리자 커뮤니티 글 상세 조회","-","200:AdminCommunityPostResponse","401:ErrorResponse|403:ErrorResponse|404:ErrorResponse","implemented","#216","src/api/adminCommunityApi.ts -> src/pages/community","no","해당 없음","모의 검증 완료; 실서버 QA 미수행; 댓글 postId는 서버 PR #1649 기준, 공개 Swagger 미반영","admin: documented","2026-09-17"
"10","GET","/admin/community/posts/{postId}/comments","관리자 커뮤니티 댓글 목록 조회","-","200:AdminCommunityCommentPageResponse","400:{""oneOf"":[{""$ref"":""#/components/schemas/ErrorResponse""},{""$ref"":""#/components/schemas/ValidationErrorResponse""}]}|401:ErrorResponse|403:ErrorResponse|404:ErrorResponse","implemented","#216","src/api/adminCommunityApi.ts -> src/pages/community","no","해당 없음","모의 검증 완료; 실서버 QA 미수행; 댓글 postId는 서버 PR #1649 기준, 공개 Swagger 미반영","admin: documented","2026-09-17"
"11","GET","/admin/community/posts/{postId}/comments/{commentId}","관리자 커뮤니티 댓글 상세 조회","-","200:AdminCommunityCommentResponse","401:ErrorResponse|403:ErrorResponse|404:ErrorResponse","implemented","#216","src/api/adminCommunityApi.ts -> src/pages/community","no","해당 없음","모의 검증 완료; 실서버 QA 미수행; 댓글 postId는 서버 PR #1649 기준, 공개 Swagger 미반영","admin: documented","2026-09-17"
"12","GET","/admin/dashboard/pending-items","관리자 대시보드 처리 필요 항목 조회","-","200:AdminDashboardPendingItemsResponse","400:{""oneOf"":[{""$ref"":""#/components/schemas/ErrorResponse""},{""$ref"":""#/components/schemas/ValidationErrorResponse""}]}|401:ErrorResponse|403:ErrorResponse","alternative","#207","대시보드는 /admin/merchant-place-applications?status=PENDING&page=1&limit=10 및 서버 total 사용","no","해당 없음","옛 게시글 혼합 집계 대신 장소 신청 전용 조회; 서버 API 삭제 의미 아님","admin: documented","2026-09-16T10:57:26.133Z"
"13","GET","/admin/dashboard/recent-activities","관리자 대시보드 최근 운영 활동 조회","-","200:AdminDashboardRecentActivitiesResponse","400:{""oneOf"":[{""$ref"":""#/components/schemas/ErrorResponse""},{""$ref"":""#/components/schemas/ValidationErrorResponse""}]}|401:ErrorResponse|403:ErrorResponse","implemented","#207","src/api/adminDashboardApi.ts::getAdminDashboardRecentActivities -> src/hooks/useAdminDashboard.ts","no","해당 없음","계약 존재; 실서버 QA 미수행","admin: documented","2026-09-16T10:57:26.133Z"
"14","GET","/admin/dashboard/summary","관리자 대시보드 요약 조회","-","200:AdminDashboardSummaryResponse","401:ErrorResponse|403:ErrorResponse","implemented","#207","src/api/adminDashboardApi.ts::getAdminDashboardSummary -> src/hooks/useAdminDashboard.ts","no","해당 없음","계약 존재; 실서버 QA 미수행","admin: documented","2026-09-16T10:57:26.133Z"
"15","GET","/admin/merchant-owners","Merchant Owner 신청 목록 조회","-","200:MerchantOwnerProfilePageResponse","401:ErrorResponse|403:ErrorResponse","implemented","#207","src/api/adminMerchantOwnerApi.ts::getAdminMerchantOwners -> src/hooks/useAdminMerchantOwners.ts","no","해당 없음","계약 존재; 실서버 QA 미수행","admin: documented","2026-09-16T10:57:26.133Z"
"16","GET","/admin/merchant-owners/{userId}","Merchant Owner 신청 상세 조회","-","200:MerchantOwnerProfileResponse","401:ErrorResponse|403:ErrorResponse","implemented","#207","src/api/adminMerchantOwnerApi.ts::getAdminMerchantOwner -> src/hooks/useAdminMerchantOwners.ts,src/hooks/useAdminMerchantPlaceApplications.ts","no","해당 없음","계약 존재; 실서버 QA 미수행","admin: documented","2026-09-16T10:57:26.133Z"
"17","POST","/admin/merchant-owners/{userId}/approve","Merchant Owner 승인","MerchantOwnerReviewRequest","200:MerchantOwnerProfileResponse","400:{""oneOf"":[{""$ref"":""#/components/schemas/ErrorResponse""},{""$ref"":""#/components/schemas/ValidationErrorResponse""}]}|401:ErrorResponse|403:ErrorResponse","partial","#207","src/api/adminMerchantOwnerApi.ts::reviewMerchantOwner -> src/api/adminMerchantOwnerApi.ts","no","작업 dialog 또는 form 검증","계약 존재; 실서버 QA 미수행","admin: documented","2026-09-16T10:57:26.133Z"
"18","PUT","/admin/merchant-owners/{userId}/onboarding","Merchant Owner 온보딩 완료도 변경","MerchantOnboardingUpdateRequest","200:MerchantOwnerProfileResponse","400:{""oneOf"":[{""$ref"":""#/components/schemas/ErrorResponse""},{""$ref"":""#/components/schemas/ValidationErrorResponse""}]}|401:ErrorResponse|403:ErrorResponse","implemented","#207","src/api/adminMerchantOwnerApi.ts::updateAdminMerchantOwnerOnboarding -> src/hooks/useAdminMerchantOwners.ts","no","작업 dialog 또는 form 검증","계약 존재; 실서버 QA 미수행","admin: documented","2026-09-16T10:57:26.133Z"
"19","GET","/admin/merchant-owners/{userId}/places","Merchant Owner 연결 장소 및 운영 품질 조회","-","200:MerchantOwnerPlaceResponse[]","401:ErrorResponse|403:ErrorResponse","implemented","#207","src/api/adminMerchantOwnerApi.ts::getAdminMerchantOwnerPlaces -> src/hooks/useAdminMerchantOwners.ts","no","해당 없음","계약 존재; 실서버 QA 미수행","admin: documented","2026-09-16T10:57:26.133Z"
"20","PUT","/admin/merchant-owners/{userId}/places","Merchant Owner 장소 연결 변경","MerchantOwnerPlaceUpdateRequest","200:MerchantOwnerProfileResponse","400:{""oneOf"":[{""$ref"":""#/components/schemas/ErrorResponse""},{""$ref"":""#/components/schemas/ValidationErrorResponse""}]}|401:ErrorResponse|403:ErrorResponse","implemented","#207","src/api/adminMerchantOwnerApi.ts::replaceAdminMerchantOwnerPlaces -> src/hooks/useAdminMerchantOwners.ts","no","작업 dialog 또는 form 검증","계약 존재; 실서버 QA 미수행","admin: documented","2026-09-16T10:57:26.133Z"
"21","PUT","/admin/merchant-owners/{userId}/places/{placeId}/quality","Merchant Owner 장소 운영 품질 지표 변경","MerchantOwnerPlaceQualityUpdateRequest","200:MerchantOwnerPlaceResponse","400:{""oneOf"":[{""$ref"":""#/components/schemas/ErrorResponse""},{""$ref"":""#/components/schemas/ValidationErrorResponse""}]}|401:ErrorResponse|403:ErrorResponse","implemented","#207","src/api/adminMerchantOwnerApi.ts::updateAdminMerchantOwnerPlaceQuality -> src/hooks/useAdminMerchantOwners.ts","no","작업 dialog 또는 form 검증","계약 존재; 실서버 QA 미수행","admin: documented","2026-09-16T10:57:26.133Z"
"22","POST","/admin/merchant-owners/{userId}/reject","Merchant Owner 반려","MerchantOwnerReviewRequest","200:MerchantOwnerProfileResponse","400:{""oneOf"":[{""$ref"":""#/components/schemas/ErrorResponse""},{""$ref"":""#/components/schemas/ValidationErrorResponse""}]}|401:ErrorResponse|403:ErrorResponse","partial","#207","src/api/adminMerchantOwnerApi.ts::reviewMerchantOwner -> src/api/adminMerchantOwnerApi.ts","yes","경고 dialog + 명시적 확정","계약 존재; 실서버 QA 미수행","admin: documented","2026-09-16T10:57:26.133Z"
"23","POST","/admin/merchant-owners/{userId}/revoke","Merchant Owner 권한 회수","MerchantOwnerReviewRequest","200:MerchantOwnerProfileResponse","400:{""oneOf"":[{""$ref"":""#/components/schemas/ErrorResponse""},{""$ref"":""#/components/schemas/ValidationErrorResponse""}]}|401:ErrorResponse|403:ErrorResponse","partial","#207","src/api/adminMerchantOwnerApi.ts::reviewMerchantOwner -> src/api/adminMerchantOwnerApi.ts","yes","경고 dialog + 명시적 확정","계약 존재; 실서버 QA 미수행","admin: documented","2026-09-16T10:57:26.133Z"
"24","GET","/admin/merchant-place-applications","관리자 Merchant 장소 신청 목록 조회","-","200:AdminMerchantPlaceApplicationPageResponse","401:ErrorResponse|403:ErrorResponse","implemented","#207","src/api/adminMerchantPlaceApplicationApi.ts::getAdminMerchantPlaceApplications -> src/api/adminDashboardApi.ts,src/api/adminPendingWorkApi.ts,src/hooks/useAdminMerchantPlaceApplications.ts","no","해당 없음","계약 존재; 실서버 QA 미수행","admin: documented","2026-09-16T10:57:26.133Z"
"25","GET","/admin/merchant-place-applications/{id}","관리자 Merchant 장소 신청 상세 조회","-","200:AdminMerchantPlaceApplicationResponse","401:ErrorResponse|403:ErrorResponse","implemented","#207","src/api/adminMerchantPlaceApplicationApi.ts::getAdminMerchantPlaceApplication -> src/hooks/useAdminMerchantPlaceApplications.ts","no","해당 없음","계약 존재; 실서버 QA 미수행","admin: documented","2026-09-16T10:57:26.133Z"
"26","POST","/admin/merchant-place-applications/{id}/approve","관리자 Merchant 장소 신청 승인","MerchantPlaceApplicationReviewRequest","200:MerchantPlaceApplicationResponse","400:{""oneOf"":[{""$ref"":""#/components/schemas/ErrorResponse""},{""$ref"":""#/components/schemas/ValidationErrorResponse""}]}|401:ErrorResponse|403:ErrorResponse","implemented","#207","src/api/adminMerchantPlaceApplicationApi.ts::approveAdminMerchantPlaceApplication -> src/hooks/useAdminMerchantPlaceApplications.ts","no","심사 사유 + 확인 dialog","계약 존재; 실서버 QA 미수행","admin: documented","2026-09-16T10:57:26.133Z"
"27","GET","/admin/merchant-place-applications/{id}/attachments","관리자 Merchant 장소 신청 첨부파일 목록 조회","-","200:AdminMerchantPlaceApplicationAttachmentResponse[]","401:ErrorResponse|403:ErrorResponse","implemented","#207","src/api/adminMerchantPlaceApplicationApi.ts::getAdminMerchantPlaceApplicationAttachments -> src/hooks/useAdminMerchantPlaceApplications.ts","no","해당 없음","계약 존재; 실서버 QA 미수행","admin: documented","2026-09-16T10:57:26.133Z"
"28","GET","/admin/merchant-place-applications/{id}/attachments/{attachmentId}/content","관리자 Merchant 장소 신청 첨부파일 다운로드","-","200:{""format"":""byte"",""type"":""string""}","401:ErrorResponse|403:ErrorResponse","implemented","#207","src/api/adminMerchantPlaceApplicationApi.ts::downloadAdminMerchantPlaceApplicationAttachment -> src/hooks/useAdminMerchantPlaceApplications.ts,src/hooks/useApplicationAttachmentPreview.ts","no","명시적 다운로드","계약 존재; 실서버 QA 미수행","admin: documented","2026-09-16T10:57:26.133Z"
"29","POST","/admin/merchant-place-applications/{id}/reject","관리자 Merchant 장소 신청 반려","MerchantPlaceApplicationReviewRequest","200:MerchantPlaceApplicationResponse","400:{""oneOf"":[{""$ref"":""#/components/schemas/ErrorResponse""},{""$ref"":""#/components/schemas/ValidationErrorResponse""}]}|401:ErrorResponse|403:ErrorResponse","implemented","#207","src/api/adminMerchantPlaceApplicationApi.ts::rejectAdminMerchantPlaceApplication -> src/hooks/useAdminMerchantPlaceApplications.ts","yes","심사 사유 + 확인 dialog","계약 존재; 실서버 QA 미수행","admin: documented","2026-09-16T10:57:26.133Z"
"30","GET","/admin/notification-deliveries","관리자 알림 발송 결과 조회","-","200:AdminNotificationDeliveryResponse","401:ErrorResponse|403:ErrorResponse","implemented","#207","src/api/adminNotificationApi.ts::getAdminNotificationDeliveries -> src/hooks/useAdminNotificationOperations.ts","no","해당 없음","계약 존재; 실서버 QA 미수행","admin: documented","2026-09-16T10:57:26.133Z"
"31","GET","/admin/notifications","관리자 알림 목록 조회","-","200:AdminNotificationResponse","400:-|401:ErrorResponse|403:ErrorResponse","implemented","#207","src/api/adminNotificationApi.ts::getAdminNotifications -> src/app/providers/AdminNotificationProvider.tsx,src/hooks/useAdminNotificationOperations.ts","no","해당 없음","계약 존재; 실서버 QA 미수행","admin: documented","2026-09-16T10:57:26.133Z"
"32","PATCH","/admin/notifications/read","관리자 전체 알림 읽음 처리","-","200:AdminNotificationReadAllResponse","401:ErrorResponse|403:ErrorResponse","implemented","#207","src/api/adminNotificationApi.ts::markAllAdminNotificationsAsRead -> src/app/providers/AdminNotificationProvider.tsx,src/hooks/useAdminNotificationOperations.ts","no","작업 dialog 또는 form 검증","계약 존재; 실서버 QA 미수행","admin: documented","2026-09-16T10:57:26.133Z"
"33","GET","/admin/notifications/unread-count","관리자 미확인 알림 개수 조회","-","200:AdminNotificationUnreadCountResponse","401:ErrorResponse|403:ErrorResponse","implemented","#207","src/api/adminNotificationApi.ts::getAdminUnreadNotificationCount -> src/app/providers/AdminNotificationProvider.tsx","no","해당 없음","계약 존재; 실서버 QA 미수행","admin: documented","2026-09-16T10:57:26.133Z"
"34","PATCH","/admin/notifications/{notificationId}/read","관리자 알림 읽음 처리","-","200:AdminNotificationReadResponse","401:ErrorResponse|403:ErrorResponse|404:-","implemented","#207","src/api/adminNotificationApi.ts::markAdminNotificationAsRead -> src/app/providers/AdminNotificationProvider.tsx,src/hooks/useAdminNotificationOperations.ts","no","작업 dialog 또는 form 검증","계약 존재; 실서버 QA 미수행","admin: documented","2026-09-16T10:57:26.133Z"
"35","GET","/admin/outbox-events","관리자 Outbox 이벤트 조회","-","200:AdminOutboxEventResponse","400:ErrorResponse|401:ErrorResponse|403:ErrorResponse","implemented","#207","src/api/adminNotificationApi.ts::getAdminOutboxEvents -> src/hooks/useAdminNotificationOperations.ts","no","해당 없음","계약 존재; 실서버 QA 미수행","admin: documented","2026-09-16T10:57:26.133Z"
"36","POST","/admin/outbox-events/{eventId}/retry","관리자 Outbox 이벤트 재처리","AdminOutboxEventRetryRequest","200:AdminOutboxEventItem","400:ErrorResponse|401:ErrorResponse|403:ErrorResponse|404:ErrorResponse|409:ErrorResponse","implemented","#207","src/api/adminNotificationApi.ts::retryAdminOutboxEvent -> src/hooks/useAdminNotificationOperations.ts","no","작업 dialog 또는 form 검증","계약 존재; 실서버 QA 미수행","admin: documented","2026-09-16T10:57:26.133Z"
"37","GET","/admin/place-events","관리자 기간형 이벤트 목록 조회","-","200:AdminPlaceEventListResponse","400:{""oneOf"":[{""$ref"":""#/components/schemas/ErrorResponse""},{""$ref"":""#/components/schemas/ValidationErrorResponse""}]}|401:ErrorResponse|403:ErrorResponse","implemented","#207","src/api/adminPlaceEventApi.ts::getAdminPlaceEvents -> src/hooks/useAdminPlaceEvents.ts","no","해당 없음","계약 존재; 실서버 QA 미수행","admin: documented","2026-09-16T10:57:26.133Z"
"38","POST","/admin/place-events","관리자 기간형 이벤트 등록","AdminPlaceEventRequest","201:AdminPlaceEventResponse","400:ErrorResponse|401:ErrorResponse|403:ErrorResponse|404:ErrorResponse","implemented","#207","src/api/adminPlaceEventApi.ts::createAdminPlaceEvent -> src/hooks/useAdminPlaceEvents.ts","no","작업 dialog 또는 form 검증","계약 존재; 실서버 QA 미수행","admin: documented","2026-09-16T10:57:26.133Z"
"39","GET","/admin/place-events/{eventId}","관리자 기간형 이벤트 상세 조회","-","200:AdminPlaceEventListItem","401:ErrorResponse|403:ErrorResponse","implemented","#207","src/api/adminPlaceEventApi.ts::getAdminPlaceEvent -> src/hooks/useAdminPlaceEvents.ts","no","해당 없음","계약 존재; 실서버 QA 미수행","admin: documented","2026-09-16T10:57:26.133Z"
"40","PATCH","/admin/place-events/{eventId}","관리자 기간형 이벤트 수정","AdminPlaceEventRequest","200:AdminPlaceEventResponse","400:ErrorResponse|401:ErrorResponse|403:ErrorResponse|404:ErrorResponse|409:ErrorResponse","implemented","#207","src/api/adminPlaceEventApi.ts::updateAdminPlaceEvent -> src/hooks/useAdminPlaceEvents.ts","no","작업 dialog 또는 form 검증","계약 존재; 실서버 QA 미수행","admin: documented","2026-09-16T10:57:26.133Z"
"41","POST","/admin/place-events/{eventId}/cancel","관리자 기간형 이벤트 취소","AdminPlaceEventActionRequest","200:AdminPlaceEventResponse","400:{""oneOf"":[{""$ref"":""#/components/schemas/ErrorResponse""},{""$ref"":""#/components/schemas/ValidationErrorResponse""}]}|401:ErrorResponse|403:ErrorResponse|404:ErrorResponse|409:ErrorResponse","implemented","#207","src/api/adminPlaceEventApi.ts::cancelAdminPlaceEvent -> src/hooks/useAdminPlaceEvents.ts","yes","경고 dialog + 처리 사유 + 명시적 확정","계약 존재; 실서버 QA 미수행","admin: documented","2026-09-16T10:57:26.133Z"
"42","POST","/admin/place-events/{eventId}/publish","관리자 기간형 이벤트 공개","AdminPlaceEventActionRequest","200:AdminPlaceEventResponse","400:{""oneOf"":[{""$ref"":""#/components/schemas/ErrorResponse""},{""$ref"":""#/components/schemas/ValidationErrorResponse""}]}|401:ErrorResponse|403:ErrorResponse|404:ErrorResponse|409:ErrorResponse","implemented","#207","src/api/adminPlaceEventApi.ts::publishAdminPlaceEvent -> src/hooks/useAdminPlaceEvents.ts","no","경고 dialog + 처리 사유","계약 존재; 실서버 QA 미수행","admin: documented","2026-09-16T10:57:26.133Z"
"43","GET","/admin/place-information-reports","관리자 장소 정보 신고 목록 조회","-","200:PlaceInformationReportPageResponse","400:{""oneOf"":[{""$ref"":""#/components/schemas/ErrorResponse""},{""$ref"":""#/components/schemas/ValidationErrorResponse""}]}|401:ErrorResponse|403:ErrorResponse","implemented","#207","src/api/adminPlaceVerificationApi.ts::getAdminPlaceInformationReports -> src/api/adminPendingWorkApi.ts,src/hooks/useAdminPlaceInformationReports.ts","no","해당 없음","계약 존재; 실서버 QA 미수행","admin: documented","2026-09-16T10:57:26.133Z"
"44","GET","/admin/place-information-reports/{reportId}","관리자 장소 정보 신고 상세 조회","-","200:PlaceInformationReportResponse","401:ErrorResponse|403:ErrorResponse","implemented","#207","src/api/adminPlaceVerificationApi.ts::getAdminPlaceInformationReport -> src/hooks/useAdminPlaceInformationReports.ts","no","해당 없음","계약 존재; 실서버 QA 미수행","admin: documented","2026-09-16T10:57:26.133Z"
"45","POST","/admin/place-information-reports/{reportId}/disputes/{disputeId}/review","관리자 장소 정보 반박 검토","PlaceInformationDisputeReviewRequest","200:PlaceInformationDisputeResponse","400:{""oneOf"":[{""$ref"":""#/components/schemas/ErrorResponse""},{""$ref"":""#/components/schemas/ValidationErrorResponse""}]}|401:ErrorResponse|403:ErrorResponse","implemented","#207","src/api/adminPlaceVerificationApi.ts::reviewAdminPlaceInformationDispute -> src/hooks/useAdminPlaceInformationReports.ts","no","작업 dialog 또는 form 검증","계약 존재; 실서버 QA 미수행","admin: documented","2026-09-16T10:57:26.133Z"
"46","POST","/admin/place-information-reports/{reportId}/review","관리자 장소 정보 신고 검토","PlaceInformationReportReviewRequest","200:PlaceInformationReportResponse","400:{""oneOf"":[{""$ref"":""#/components/schemas/ErrorResponse""},{""$ref"":""#/components/schemas/ValidationErrorResponse""}]}|401:ErrorResponse|403:ErrorResponse","implemented","#207","src/api/adminPlaceVerificationApi.ts::reviewAdminPlaceInformationReport -> src/hooks/useAdminPlaceInformationReports.ts","no","작업 dialog 또는 form 검증","계약 존재; 실서버 QA 미수행","admin: documented","2026-09-16T10:57:26.133Z"
"47","POST","/admin/place-operating-notices/expire","관리자 상점 운영 상태 공지 만료 처리","-","200:{""additionalProperties"":{""format"":""int32"",""type"":""integer""},""type"":""object""}","401:ErrorResponse|403:ErrorResponse","implemented","#207","src/api/adminPlaceOperatingNoticeApi.ts::expireAdminPlaceOperatingNotices -> src/hooks/useAdminPlaceOperatingNotices.ts","yes","경고 dialog + 명시적 확정","계약 존재; 실서버 QA 미수행","admin: documented","2026-09-16T10:57:26.133Z"
"48","GET","/admin/place-review-deletion-requests","리뷰 삭제 신청 목록 조회","-","200:AdminPlaceReviewDeletionRequestPageResponse","400:{""oneOf"":[{""$ref"":""#/components/schemas/ErrorResponse""},{""$ref"":""#/components/schemas/ValidationErrorResponse""}]}|401:ErrorResponse|403:ErrorResponse","partial","#217","src/api/adminPlaceReviewDeletionApi.ts::getAdminPlaceReviewDeletionRequests -> src/hooks/useAdminPlaceReviewDeletionRequests.ts","no","해당 없음","recommendReasons/reviewMedia 표시 연동; 컴포넌트 모의 QA 완료; 실서버 QA 미수행","admin: documented","2026-09-16T10:57:26.133Z"
"49","GET","/admin/place-review-deletion-requests/{deletionRequestId}","리뷰 삭제 신청 상세 조회","-","200:AdminPlaceReviewDeletionRequestResponse","401:ErrorResponse|403:ErrorResponse","partial","#217","src/api/adminPlaceReviewDeletionApi.ts::getAdminPlaceReviewDeletionRequest -> src/hooks/useAdminPlaceReviewDeletionRequests.ts","no","해당 없음","recommendReasons/reviewMedia 표시 연동; 컴포넌트 모의 QA 완료; 실서버 QA 미수행","admin: documented","2026-09-16T10:57:26.133Z"
"50","POST","/admin/place-review-deletion-requests/{deletionRequestId}/review","리뷰 삭제 신청 심사","PlaceReviewDeletionRequestReviewRequest","200:AdminPlaceReviewDeletionRequestResponse","400:{""oneOf"":[{""$ref"":""#/components/schemas/ErrorResponse""},{""$ref"":""#/components/schemas/ValidationErrorResponse""}]}|401:ErrorResponse|403:ErrorResponse","partial","#217","src/api/adminPlaceReviewDeletionApi.ts::reviewAdminPlaceReviewDeletionRequest -> src/hooks/useAdminPlaceReviewDeletionRequests.ts","review-required","호출 연결 확인; 작업 UI 검증 별도","recommendReasons/reviewMedia 표시 연동; 컴포넌트 모의 QA 완료; 실서버 QA 미수행","admin: documented","2026-09-16T10:57:26.133Z"
"51","GET","/admin/places","관리자 장소 목록 조회","-","200:AdminMapPlaceResponse","400:-|401:ErrorResponse|403:ErrorResponse","implemented","#207","src/api/adminPlaceApi.ts::getAdminPlaces -> src/api/adminTargetSearchApi.ts,src/hooks/useAdminPlaces.ts","no","해당 없음","계약 존재; 실서버 QA 미수행","admin: documented","2026-09-16T10:57:26.133Z"
"52","GET","/admin/places/duplicate-candidates","관리자 중복 장소 후보 조회","-","200:AdminPlaceDuplicateCandidateListResponse","401:ErrorResponse|403:ErrorResponse","implemented","#207","src/api/adminPlaceMergeApi.ts::getAdminPlaceDuplicateReviewCandidates -> src/api/adminPendingWorkApi.ts,src/hooks/useAdminPlaceDuplicateCandidates.ts","no","해당 없음","계약 존재; 실서버 QA 미수행","admin: documented","2026-09-16T10:57:26.133Z"
"53","GET","/admin/places/duplicate-candidates/{candidateId}","관리자 중복 장소 후보 상세 조회","-","200:AdminPlaceDuplicateCandidateResponse","401:ErrorResponse|403:ErrorResponse","implemented","#207","src/api/adminPlaceMergeApi.ts::getAdminPlaceDuplicateReviewCandidate -> src/hooks/useAdminPlaceDuplicateCandidates.ts","no","해당 없음","계약 존재; 실서버 QA 미수행","admin: documented","2026-09-16T10:57:26.133Z"
"54","POST","/admin/places/duplicate-candidates/{candidateId}/confirm","관리자 중복 장소 후보 확정","AdminPlaceDuplicateDecisionRequest","200:AdminPlaceDuplicateCandidateResponse","400:{""oneOf"":[{""$ref"":""#/components/schemas/ErrorResponse""},{""$ref"":""#/components/schemas/ValidationErrorResponse""}]}|401:ErrorResponse|403:ErrorResponse","implemented","#207","src/api/adminPlaceMergeApi.ts::confirmAdminPlaceDuplicateCandidate -> src/hooks/useAdminPlaceDuplicateCandidates.ts","no","작업 dialog 또는 form 검증","계약 존재; 실서버 QA 미수행","admin: documented","2026-09-16T10:57:26.133Z"
"55","POST","/admin/places/duplicate-candidates/{candidateId}/merge","관리자 확정 중복 장소 병합","AdminPlaceDuplicateMergeRequest","200:AdminMapPlaceMergeResponse","400:{""oneOf"":[{""$ref"":""#/components/schemas/ErrorResponse""},{""$ref"":""#/components/schemas/ValidationErrorResponse""}]}|401:ErrorResponse|403:ErrorResponse","implemented","#207","src/api/adminPlaceMergeApi.ts::mergeAdminPlaceDuplicateCandidate -> src/hooks/useAdminPlaceDuplicateCandidates.ts","yes","경고 dialog + 명시적 확정","계약 존재; 실서버 QA 미수행","admin: documented","2026-09-16T10:57:26.133Z"
"56","POST","/admin/places/duplicate-candidates/{candidateId}/reject","관리자 중복 장소 후보 거절","AdminPlaceDuplicateDecisionRequest","200:AdminPlaceDuplicateCandidateResponse","400:{""oneOf"":[{""$ref"":""#/components/schemas/ErrorResponse""},{""$ref"":""#/components/schemas/ValidationErrorResponse""}]}|401:ErrorResponse|403:ErrorResponse","implemented","#207","src/api/adminPlaceMergeApi.ts::rejectAdminPlaceDuplicateCandidate -> src/hooks/useAdminPlaceDuplicateCandidates.ts","yes","경고 dialog + 명시적 확정","계약 존재; 실서버 QA 미수행","admin: documented","2026-09-16T10:57:26.133Z"
"57","GET","/admin/places/duplicates","관리자 중복 장소 목록 조회","-","200:AdminMapPlaceDuplicateResponse","401:ErrorResponse|403:ErrorResponse","implemented","#207","src/api/adminPlaceMergeApi.ts::getAdminPlaceDuplicateGroups -> src/api/adminPendingWorkApi.ts,src/hooks/useAdminPlaceMerge.ts","no","해당 없음","계약 존재; 실서버 QA 미수행","admin: documented","2026-09-16T10:57:26.133Z"
"58","GET","/admin/places/duplicates/{id}","관리자 중복 장소 상세 조회","-","200:AdminMapPlaceDuplicateDetailResponse","401:ErrorResponse|403:ErrorResponse","implemented","#207","src/api/adminPlaceMergeApi.ts::getAdminPlaceDuplicateDetail -> src/hooks/useAdminPlaceMerge.ts","no","해당 없음","계약 존재; 실서버 QA 미수행","admin: documented","2026-09-16T10:57:26.133Z"
"59","POST","/admin/places/merge","관리자 중복 장소 병합","AdminMapPlaceMergeRequest","200:AdminMapPlaceMergeResponse","400:{""oneOf"":[{""$ref"":""#/components/schemas/ErrorResponse""},{""$ref"":""#/components/schemas/ValidationErrorResponse""}]}|401:ErrorResponse|403:ErrorResponse","implemented","#207","src/api/adminPlaceMergeApi.ts::mergeAdminPlaces -> src/hooks/useAdminPlaceMerge.ts","yes","경고 dialog + 명시적 확정","계약 존재; 실서버 QA 미수행","admin: documented","2026-09-16T10:57:26.133Z"
"60","GET","/admin/places/merge-histories","관리자 장소 병합 이력 조회","-","200:AdminPlaceMergeHistoryResponse","401:ErrorResponse|403:ErrorResponse","implemented","#207","src/api/adminPlaceMergeApi.ts::getAdminPlaceMergeHistories -> src/hooks/useAdminPlaceMerge.ts","no","해당 없음","계약 존재; 실서버 QA 미수행","admin: documented","2026-09-16T10:57:26.133Z"
"61","POST","/admin/places/merge-histories/{historyId}/restore","관리자 장소 병합 복구","-","200:AdminPlaceMergeRestoreResponse","401:ErrorResponse|403:ErrorResponse","implemented","#207","src/api/adminPlaceMergeApi.ts::restoreAdminPlaceMerge -> src/hooks/useAdminPlaceMerge.ts","yes","경고 dialog + 명시적 확정","계약 존재; 실서버 QA 미수행","admin: documented","2026-09-16T10:57:26.133Z"
"62","GET","/admin/places/recommendation-metrics","관리자 추천 성과 조회","-","200:AdminPlaceRecommendationMetricsResponse","401:ErrorResponse|403:ErrorResponse","implemented","#207","src/api/adminRecommendationMetricApi.ts::getAdminRecommendationMetrics -> src/hooks/useAdminRecommendationMetrics.ts","no","해당 없음","계약 존재; 실서버 QA 미수행","admin: documented","2026-09-16T10:57:26.133Z"
"63","GET","/admin/places/recommendation-metrics/compare","관리자 추천 버전 성과 비교","-","200:AdminPlaceRecommendationMetricsCompareResponse","401:ErrorResponse|403:ErrorResponse","implemented","#207","src/api/adminRecommendationMetricApi.ts::compareAdminRecommendationMetrics -> src/hooks/useAdminRecommendationMetrics.ts","no","해당 없음","계약 존재; 실서버 QA 미수행","admin: documented","2026-09-16T10:57:26.133Z"
"64","POST","/admin/places/recommendation-snapshots/resync","관리자 추천 snapshot 재동기화","-","200:AdminPlaceRecommendationSnapshotResyncResponse","401:ErrorResponse|403:ErrorResponse","implemented","#207","src/api/adminRecommendationPolicyApi.ts::resyncAdminRecommendationSnapshots -> src/hooks/useAdminRecommendationPolicy.ts","yes","경고 dialog + 명시적 확정","계약 존재; 실서버 QA 미수행","admin: documented","2026-09-16T10:57:26.133Z"
"65","PATCH","/admin/places/recommendation-traffic","관리자 추천 버전 트래픽 비율 수정","AdminPlaceRecommendationTrafficUpdateRequest","200:AdminPlaceRecommendationTrafficUpdateResponse","400:{""oneOf"":[{""$ref"":""#/components/schemas/ErrorResponse""},{""$ref"":""#/components/schemas/ValidationErrorResponse""}]}|401:ErrorResponse|403:ErrorResponse","implemented","#207","src/api/adminRecommendationPolicyApi.ts::updateAdminRecommendationTraffic -> src/hooks/useAdminRecommendationPolicy.ts","no","작업 dialog 또는 form 검증","계약 존재; 실서버 QA 미수행","admin: documented","2026-09-16T10:57:26.133Z"
"66","GET","/admin/places/recommendations/{requestId}/explanation","관리자 추천 설명 조회","-","200:AdminPlaceRecommendationExplanationResponse","401:ErrorResponse|403:ErrorResponse","implemented","#207","src/api/adminRecommendationMetricApi.ts::getAdminRecommendationExplanation -> src/hooks/useAdminRecommendationMetrics.ts","no","해당 없음","계약 존재; 실서버 QA 미수행","admin: documented","2026-09-16T10:57:26.133Z"
"67","GET","/admin/places/{id}","관리자 장소 상세 조회","-","200:AdminMapPlaceDetailResponse","401:ErrorResponse|403:ErrorResponse|404:-","implemented","#207","src/api/adminPlaceApi.ts::getAdminPlace -> src/hooks/useAdminPlaces.ts,src/pages/placeDuplicateCandidate/PlaceDuplicateCandidatePage.tsx","no","해당 없음","계약 존재; 실서버 QA 미수행","admin: documented","2026-09-16T10:57:26.133Z"
"68","PATCH","/admin/places/{id}/basic-information","관리자 장소 기본 정보 수정","AdminMapPlaceBasicInformationUpdateRequest","200:AdminMapPlaceBasicInformationUpdateResponse","400:AdminMapPlaceBasicInformationUpdateResponse|401:ErrorResponse|403:ErrorResponse|404:AdminMapPlaceBasicInformationUpdateResponse","partial","#207","src/api/adminPlaceApi.ts::updateAdminPlaceBasicInformation -> src/hooks/useAdminPlaces.ts","review-required","호출 연결 확인; 작업 UI 검증 별도","계약 존재; 실서버 QA 미수행","admin: documented","2026-09-16T10:57:26.133Z"
"69","PATCH","/admin/places/{id}/coordinates","관리자 장소 좌표 수정","AdminMapPlaceCoordinateUpdateRequest","200:AdminMapPlaceCoordinateUpdateResponse","400:-|401:ErrorResponse|403:ErrorResponse|404:-","implemented","#207","src/api/adminPlaceApi.ts::updateAdminPlaceCoordinates -> src/hooks/useAdminPlaces.ts","no","작업 dialog 또는 form 검증","계약 존재; 실서버 QA 미수행","admin: documented","2026-09-16T10:57:26.133Z"
"70","DELETE","/admin/places/{id}/delete","관리자 장소 삭제","-","204:-","401:ErrorResponse|403:ErrorResponse|404:-|409:ErrorResponse","implemented","#207","src/api/adminPlaceApi.ts::deleteAdminPlace -> src/hooks/useAdminPlaces.ts","yes","Danger Zone + 대상 ID 재입력","계약 존재; 실서버 QA 미수행","admin: documented","2026-09-16T10:57:26.133Z"
"71","PATCH","/admin/places/{id}/discovery-status","관리자 장소 탐색 노출 상태 수정","AdminMapPlaceDiscoveryStatusUpdateRequest","200:AdminMapPlaceDiscoveryStatusUpdateResponse","400:AdminMapPlaceDiscoveryStatusUpdateResponse|401:ErrorResponse|403:ErrorResponse|404:AdminMapPlaceDiscoveryStatusUpdateResponse","implemented","#207","src/api/adminPlaceApi.ts::updateAdminPlaceDiscoveryStatus -> src/hooks/useAdminPlaces.ts","no","작업 dialog 또는 form 검증","계약 존재; 실서버 QA 미수행","admin: documented","2026-09-16T10:57:26.133Z"
"72","PATCH","/admin/places/{id}/geocoding","관리자 장소 주소·좌표 보정","AdminMapPlaceGeocodingUpdateRequest","200:AdminMapPlaceGeocodingUpdateResponse","400:{""oneOf"":[{""$ref"":""#/components/schemas/ErrorResponse""},{""$ref"":""#/components/schemas/ValidationErrorResponse""}]}|401:ErrorResponse|403:ErrorResponse","implemented","#207","src/api/adminPlaceApi.ts::updateAdminPlaceGeocoding -> src/hooks/useAdminPlaces.ts","no","작업 dialog 또는 form 검증","계약 존재; 실서버 QA 미수행","admin: documented","2026-09-16T10:57:26.133Z"
"73","GET","/admin/places/{id}/information-evidence","관리자 장소 정보 증빙 목록 조회","-","200:AdminPlaceInformationEvidenceResponse","401:ErrorResponse|403:ErrorResponse|404:AdminPlaceInformationEvidenceResponse","partial","#207","src/api/adminPlaceVerificationApi.ts::getAdminPlaceInformationEvidence -> src/hooks/useAdminPlaceVerification.ts","no","해당 없음","계약 존재; 실서버 QA 미수행","admin: documented","2026-09-16T10:57:26.133Z"
"74","POST","/admin/places/{id}/information-evidence","관리자 장소 정보 증빙 등록","AdminPlaceInformationEvidenceCreateRequest","200:AdminPlaceInformationEvidenceUpdateResponse","400:AdminPlaceInformationEvidenceUpdateResponse|401:ErrorResponse|403:ErrorResponse|404:AdminPlaceInformationEvidenceUpdateResponse","partial","#207","src/api/adminPlaceVerificationApi.ts::createAdminPlaceInformationEvidence -> src/hooks/useAdminPlaceVerification.ts","no","작업 dialog 또는 form 검증","계약 존재; 실서버 QA 미수행","admin: documented","2026-09-16T10:57:26.133Z"
"75","PATCH","/admin/places/{id}/information-evidence/{evidenceId}/review","관리자 장소 정보 증빙 검토","AdminPlaceInformationEvidenceReviewRequest","200:AdminPlaceInformationEvidenceUpdateResponse","400:AdminPlaceInformationEvidenceUpdateResponse|401:ErrorResponse|403:ErrorResponse|404:AdminPlaceInformationEvidenceUpdateResponse","partial","#207","src/api/adminPlaceVerificationApi.ts::reviewAdminPlaceInformationEvidence -> src/hooks/useAdminPlaceVerification.ts","no","작업 dialog 또는 form 검증","계약 존재; 실서버 QA 미수행","admin: documented","2026-09-16T10:57:26.133Z"
"76","PATCH","/admin/places/{id}/kakao-place-id","관리자 장소 Kakao place id 수정","AdminMapPlaceKakaoPlaceIdUpdateRequest","200:AdminMapPlaceKakaoPlaceIdUpdateResponse","400:-|401:ErrorResponse|403:ErrorResponse|404:-|409:-","implemented","#207","src/api/adminPlaceApi.ts::updateAdminPlaceKakaoPlaceId -> src/hooks/useAdminPlaces.ts","no","작업 dialog 또는 form 검증","계약 존재; 실서버 QA 미수행","admin: documented","2026-09-16T10:57:26.133Z"
"77","PATCH","/admin/places/{id}/operating-schedule","관리자 장소 영업시간 일정 수정","AdminMapPlaceOperatingScheduleUpdateRequest","200:AdminMapPlaceOperatingScheduleUpdateResponse","400:ErrorResponse|401:ErrorResponse|403:ErrorResponse|404:ErrorResponse","implemented","#207","src/api/adminPlaceApi.ts::updateAdminPlaceOperatingSchedule -> src/hooks/useAdminPlaces.ts","no","작업 dialog 또는 form 검증","계약 존재; 실서버 QA 미수행","admin: documented","2026-09-16T10:57:26.133Z"
"78","PATCH","/admin/places/{id}/operating-status","관리자 장소 운영 상태 확인","AdminMapPlaceOperatingStatusUpdateRequest","200:AdminMapPlaceOperatingStatusUpdateResponse","400:AdminMapPlaceOperatingStatusUpdateResponse|401:ErrorResponse|403:ErrorResponse|404:AdminMapPlaceOperatingStatusUpdateResponse","implemented","#207","src/api/adminPlaceApi.ts::updateAdminPlaceOperatingStatus -> src/hooks/useAdminPlaces.ts","no","작업 dialog 또는 form 검증","계약 존재; 실서버 QA 미수행","admin: documented","2026-09-16T10:57:26.133Z"
"79","PATCH","/admin/places/{id}/tourist-info","관리자 장소 관광 정보 수정","AdminMapPlaceTouristInfoUpdateRequest","200:AdminMapPlaceTouristInfoUpdateResponse","400:-|401:ErrorResponse|403:ErrorResponse|404:-","implemented","#207","src/api/adminPlaceApi.ts::updateAdminPlaceTouristInfo -> src/hooks/useAdminPlaces.ts","no","작업 dialog 또는 form 검증","계약 존재; 실서버 QA 미수행","admin: documented","2026-09-16T10:57:26.133Z"
"80","GET","/admin/places/{placeId}/information-reverification-requests","장소 정보 재확인 요청 목록 조회","-","200:PlaceInformationReverificationListResponse","400:{""oneOf"":[{""$ref"":""#/components/schemas/ErrorResponse""},{""$ref"":""#/components/schemas/ValidationErrorResponse""}]}|401:ErrorResponse|403:ErrorResponse","partial","#207","src/api/adminPlaceVerificationApi.ts::getAdminPlaceInformationReverificationRequests -> src/hooks/useAdminPlaceVerification.ts","no","해당 없음","계약 존재; 실서버 QA 미수행","admin: documented","2026-09-16T10:57:26.133Z"
"81","POST","/admin/places/{placeId}/information-reverification-requests","장소 정보 재확인 요청 생성","PlaceInformationReverificationCreateRequest","200:PlaceInformationReverificationResponse","400:{""oneOf"":[{""$ref"":""#/components/schemas/ErrorResponse""},{""$ref"":""#/components/schemas/ValidationErrorResponse""}]}|401:ErrorResponse|403:ErrorResponse","partial","#207","src/api/adminPlaceVerificationApi.ts::createAdminPlaceInformationReverificationRequest -> src/hooks/useAdminPlaceVerification.ts","no","작업 dialog 또는 form 검증","계약 존재; 실서버 QA 미수행","admin: documented","2026-09-16T10:57:26.133Z"
"82","POST","/admin/places/{placeId}/information-reverification-requests/{requestId}/cancel","장소 정보 재확인 요청 취소","-","200:PlaceInformationReverificationResponse","401:ErrorResponse|403:ErrorResponse","partial","#207","src/api/adminPlaceVerificationApi.ts::runReverificationAction -> src/api/adminPlaceVerificationApi.ts,src/components/placeVerification/PlaceInformationReverificationPanel.tsx,src/hooks/useAdminPlaceVerification.ts","yes","경고 dialog + 명시적 확정","계약 존재; 실서버 QA 미수행","admin: documented","2026-09-16T10:57:26.133Z"
"83","POST","/admin/places/{placeId}/information-reverification-requests/{requestId}/complete","장소 정보 재확인 요청 완료","-","200:PlaceInformationReverificationResponse","401:ErrorResponse|403:ErrorResponse","partial","#207","src/api/adminPlaceVerificationApi.ts::runReverificationAction -> src/api/adminPlaceVerificationApi.ts,src/components/placeVerification/PlaceInformationReverificationPanel.tsx,src/hooks/useAdminPlaceVerification.ts","no","작업 dialog 또는 form 검증","계약 존재; 실서버 QA 미수행","admin: documented","2026-09-16T10:57:26.133Z"
"84","POST","/admin/places/{placeId}/information-reverification-requests/{requestId}/reminders","장소 정보 재확인 리마인드 발행","-","200:PlaceInformationReverificationResponse","401:ErrorResponse|403:ErrorResponse","partial","#207","src/api/adminPlaceVerificationApi.ts::runReverificationAction -> src/api/adminPlaceVerificationApi.ts,src/components/placeVerification/PlaceInformationReverificationPanel.tsx,src/hooks/useAdminPlaceVerification.ts","no","작업 dialog 또는 form 검증","계약 존재; 실서버 QA 미수행","admin: documented","2026-09-16T10:57:26.133Z"
"85","POST","/admin/places/{placeId}/operating-notices","관리자 상점 운영 상태 공지 생성","PlaceOperatingNoticeCreateRequest","200:PlaceOperatingNoticeResponse","400:{""oneOf"":[{""$ref"":""#/components/schemas/ErrorResponse""},{""$ref"":""#/components/schemas/ValidationErrorResponse""}]}|401:ErrorResponse|403:ErrorResponse","implemented","#207","src/api/adminPlaceOperatingNoticeApi.ts::createAdminPlaceOperatingNotice -> src/hooks/useAdminPlaceOperatingNotices.ts","no","작업 dialog 또는 form 검증","계약 존재; 실서버 QA 미수행","admin: documented","2026-09-16T10:57:26.133Z"
"86","PATCH","/admin/places/{placeId}/operating-notices/{noticeId}","관리자 상점 운영 상태 공지 수정","PlaceOperatingNoticeUpdateRequest","200:PlaceOperatingNoticeResponse","400:{""oneOf"":[{""$ref"":""#/components/schemas/ErrorResponse""},{""$ref"":""#/components/schemas/ValidationErrorResponse""}]}|401:ErrorResponse|403:ErrorResponse","implemented","#207","src/api/adminPlaceOperatingNoticeApi.ts::updateAdminPlaceOperatingNotice -> src/hooks/useAdminPlaceOperatingNotices.ts","no","작업 dialog 또는 form 검증","계약 존재; 실서버 QA 미수행","admin: documented","2026-09-16T10:57:26.133Z"
"87","POST","/admin/places/{placeId}/operating-notices/{noticeId}/cancel","관리자 상점 운영 상태 공지 취소","PlaceOperatingNoticeCancelRequest","200:PlaceOperatingNoticeResponse","400:{""oneOf"":[{""$ref"":""#/components/schemas/ErrorResponse""},{""$ref"":""#/components/schemas/ValidationErrorResponse""}]}|401:ErrorResponse|403:ErrorResponse","implemented","#207","src/api/adminPlaceOperatingNoticeApi.ts::cancelAdminPlaceOperatingNotice -> src/hooks/useAdminPlaceOperatingNotices.ts","yes","경고 dialog + 명시적 확정","계약 존재; 실서버 QA 미수행","admin: documented","2026-09-16T10:57:26.133Z"
"88","DELETE","/admin/posts/s3/orphans","MapImage S3 고아 파일 삭제","AdminS3OrphanDeleteRequest","200:S3OrphanDeleteResult","400:{""oneOf"":[{""$ref"":""#/components/schemas/ErrorResponse""},{""$ref"":""#/components/schemas/ValidationErrorResponse""}]}|401:ErrorResponse|403:ErrorResponse","implemented","#207","src/api/adminS3OrphanApi.ts::deleteAdminS3Orphans -> src/hooks/useAdminS3Orphans.ts","yes","후보 선택 + reportId 재입력","계약 존재; 실서버 QA 미수행","admin: documented","2026-09-16T10:57:26.133Z"
"89","GET","/admin/posts/s3/orphans/report","MapImage S3 고아 파일 삭제 후보 리포트 생성","-","200:S3OrphanReport","401:ErrorResponse|403:ErrorResponse","implemented","#207","src/api/adminS3OrphanApi.ts::getAdminS3OrphanReport -> src/hooks/useAdminS3Orphans.ts","no","해당 없음","계약 존재; 실서버 QA 미수행","admin: documented","2026-09-16T10:57:26.133Z"
"90","POST","/admin/posts/s3/orphans/report/refresh","MapImage S3 고아 파일 리포트 생성 시작","-","200:S3OrphanReportStatus","401:ErrorResponse|403:ErrorResponse","implemented","#207","src/api/adminS3OrphanApi.ts::refreshAdminS3OrphanReport -> src/hooks/useAdminS3Orphans.ts","no","작업 dialog 또는 form 검증","계약 존재; 실서버 QA 미수행","admin: documented","2026-09-16T10:57:26.133Z"
"91","GET","/admin/posts/s3/orphans/report/status","MapImage S3 고아 파일 리포트 생성 상태 조회","-","200:S3OrphanReportStatus","401:ErrorResponse|403:ErrorResponse","implemented","#207","src/api/adminS3OrphanApi.ts::getAdminS3OrphanReportStatus -> src/hooks/useAdminS3Orphans.ts","no","해당 없음","계약 존재; 실서버 QA 미수행","admin: documented","2026-09-16T10:57:26.133Z"
"92","DELETE","/admin/posts/{id}/delete","관리자 게시글 삭제","-","204:-","401:ErrorResponse|403:ErrorResponse|404:-","excluded","#207","호출 근거 없음","yes","기획상 제외; 웹에서 처리하지 않음","옛 MapImage 운영 기능 제외; 서버 API·데이터 삭제는 별도 결정","admin: documented","2026-09-16T10:57:26.133Z"
"93","POST","/admin/posts/{postId}/reports/accept","게시글 단위 신고 일괄 수락","-","200:AdminPostReportBulkActionResponse","401:ErrorResponse|403:ErrorResponse|404:AdminPostReportBulkActionResponse|409:AdminPostReportBulkActionResponse","excluded","#207","호출 근거 없음","no","기획상 제외; 웹에서 처리하지 않음","옛 MapImage 운영 기능 제외; 서버 API·데이터 삭제는 별도 결정","admin: documented","2026-09-16T10:57:26.133Z"
"94","POST","/admin/posts/{postId}/reports/decline","게시글 단위 신고 일괄 거절","-","200:AdminPostReportBulkActionResponse","401:ErrorResponse|403:ErrorResponse|404:AdminPostReportBulkActionResponse|409:AdminPostReportBulkActionResponse","excluded","#207","호출 근거 없음","yes","기획상 제외; 웹에서 처리하지 않음","옛 MapImage 운영 기능 제외; 서버 API·데이터 삭제는 별도 결정","admin: documented","2026-09-16T10:57:26.133Z"
"95","GET","/admin/privacy-processing-histories","개인정보 처리 이력 조회","-","200:PrivacyProcessingHistoryResponse","401:ErrorResponse|403:ErrorResponse","implemented","#207","src/api/adminOperationHistoryApi.ts::getPrivacyProcessingHistories -> src/hooks/useAdminOperationHistories.ts","no","해당 없음","계약 존재; 실서버 QA 미수행","admin: documented","2026-09-16T10:57:26.133Z"
"96","GET","/admin/report-appeals","신고 이의제기 목록 조회","-","200:AdminReportAppealResponse","401:ErrorResponse|403:ErrorResponse","excluded","#207","호출 근거 없음","no","기획상 제외; 웹에서 처리하지 않음","옛 MapImage 운영 기능 제외; 서버 API·데이터 삭제는 별도 결정","admin: documented","2026-09-16T10:57:26.133Z"
"97","POST","/admin/report-appeals/{id}/approve","신고 이의제기 승인","AdminReportAppealActionRequest","200:AdminReportAppealActionResponse","400:{""oneOf"":[{""$ref"":""#/components/schemas/ErrorResponse""},{""$ref"":""#/components/schemas/ValidationErrorResponse""}]}|401:ErrorResponse|403:ErrorResponse","excluded","#207","호출 근거 없음","no","기획상 제외; 웹에서 처리하지 않음","옛 MapImage 운영 기능 제외; 서버 API·데이터 삭제는 별도 결정","admin: documented","2026-09-16T10:57:26.133Z"
"98","POST","/admin/report-appeals/{id}/reject","신고 이의제기 반려","AdminReportAppealActionRequest","200:AdminReportAppealActionResponse","400:{""oneOf"":[{""$ref"":""#/components/schemas/ErrorResponse""},{""$ref"":""#/components/schemas/ValidationErrorResponse""}]}|401:ErrorResponse|403:ErrorResponse","excluded","#207","호출 근거 없음","yes","기획상 제외; 웹에서 처리하지 않음","옛 MapImage 운영 기능 제외; 서버 API·데이터 삭제는 별도 결정","admin: documented","2026-09-16T10:57:26.133Z"
"99","GET","/admin/reports/reported-users","관리자 신고 유저 목록 조회","-","200:ReportedUsersResponse","401:ErrorResponse|403:ErrorResponse","excluded","#207","호출 근거 없음","no","기획상 제외; 웹에서 처리하지 않음","옛 MapImage 운영 기능 제외; 서버 API·데이터 삭제는 별도 결정","admin: documented","2026-09-16T10:57:26.133Z"
"100","GET","/admin/reports/reported-users/{id}","관리자 신고 유저 상세 조회","-","200:ReportedUsersItem","401:ErrorResponse|403:ErrorResponse|404:-","excluded","#207","호출 근거 없음","no","기획상 제외; 웹에서 처리하지 않음","옛 MapImage 운영 기능 제외; 서버 API·데이터 삭제는 별도 결정","admin: documented","2026-09-16T10:57:26.133Z"
"101","POST","/admin/reports/{id}/accept","신고 수락 처리","-","200:-","401:ErrorResponse|403:ErrorResponse|404:-|409:-","excluded","#207","호출 근거 없음","no","기획상 제외; 웹에서 처리하지 않음","옛 MapImage 운영 기능 제외; 서버 API·데이터 삭제는 별도 결정","admin: documented","2026-09-16T10:57:26.133Z"
"102","POST","/admin/reports/{id}/decline","신고 거절 처리","-","200:-","401:ErrorResponse|403:ErrorResponse|404:-|409:-","excluded","#207","호출 근거 없음","yes","기획상 제외; 웹에서 처리하지 않음","옛 MapImage 운영 기능 제외; 서버 API·데이터 삭제는 별도 결정","admin: documented","2026-09-16T10:57:26.133Z"
"103","GET","/admin/reservations","관리자 예약 심사 목록 조회","-","200:AdminReservationPageResponse","400:{""oneOf"":[{""$ref"":""#/components/schemas/ErrorResponse""},{""$ref"":""#/components/schemas/ValidationErrorResponse""}]}|401:ErrorResponse|403:ErrorResponse","implemented","#207","src/api/adminReservationApi.ts::getAdminReservations -> src/hooks/useAdminReservations.ts","no","해당 없음","계약 존재; 실서버 QA 미수행","admin: documented","2026-09-16T10:57:26.133Z"
"104","GET","/admin/reservations/{reservationId}","관리자 예약 심사 상세 조회","-","200:AdminReservationResponse","401:ErrorResponse|403:ErrorResponse","implemented","#207","src/api/adminReservationApi.ts::getAdminReservation -> src/hooks/useAdminReservations.ts","no","해당 없음","계약 존재; 실서버 QA 미수행","admin: documented","2026-09-16T10:57:26.133Z"
"105","POST","/admin/reservations/{reservationId}/confirm","관리자 예약 승인","ReservationReviewRequest","200:AdminReservationResponse","400:{""oneOf"":[{""$ref"":""#/components/schemas/ErrorResponse""},{""$ref"":""#/components/schemas/ValidationErrorResponse""}]}|401:ErrorResponse|403:ErrorResponse","partial","#207","src/api/adminReservationApi.ts::reviewAdminReservation -> src/api/adminReservationApi.ts","yes","승인 확인 dialog + 선택 메모","계약 존재; 실서버 QA 미수행","admin: documented","2026-09-16T10:57:26.133Z"
"106","POST","/admin/reservations/{reservationId}/reject","관리자 예약 반려","ReservationReviewRequest","200:AdminReservationResponse","400:{""oneOf"":[{""$ref"":""#/components/schemas/ErrorResponse""},{""$ref"":""#/components/schemas/ValidationErrorResponse""}]}|401:ErrorResponse|403:ErrorResponse","partial","#207","src/api/adminReservationApi.ts::reviewAdminReservation -> src/api/adminReservationApi.ts","yes","반려 확인 dialog + 필수 사유 입력","계약 존재; 실서버 QA 미수행","admin: documented","2026-09-16T10:57:26.133Z"
"107","GET","/admin/s3/orphan-objects","S3 orphan 객체 dry-run 리포트","-","200:AdminS3OrphanObjectReportResponse","401:ErrorResponse|403:ErrorResponse","implemented","#207","src/api/adminS3OrphanApi.ts::getAdminS3OrphanDryRun -> src/hooks/useAdminS3Orphans.ts","no","해당 없음","계약 존재; 실서버 QA 미수행","admin: documented","2026-09-16T10:57:26.133Z"
"108","GET","/admin/scout-field-reports","Scout 현장 제보 목록 조회","-","200:ScoutFieldReportPageResponse","400:{""oneOf"":[{""$ref"":""#/components/schemas/ErrorResponse""},{""$ref"":""#/components/schemas/ValidationErrorResponse""}]}|401:ErrorResponse|403:ErrorResponse","implemented","#207","src/api/adminScoutApi.ts::getAdminScoutFieldReports -> src/api/adminPendingWorkApi.ts,src/hooks/useAdminScouts.ts","no","해당 없음","계약 존재; 실서버 QA 미수행","admin: documented","2026-09-16T10:57:26.133Z"
"109","POST","/admin/scout-field-reports/{reportId}/review","Scout 현장 제보 심사","ScoutFieldReportReviewRequest","200:ScoutFieldReportResponse","400:ScoutFieldReportResponse|401:ErrorResponse|403:ErrorResponse|404:ScoutFieldReportResponse|409:ScoutFieldReportResponse","implemented","#207","src/api/adminScoutApi.ts::reviewAdminScoutFieldReport -> src/hooks/useAdminScouts.ts","no","작업 dialog 또는 form 검증","계약 존재; 실서버 QA 미수행","admin: documented","2026-09-16T10:57:26.133Z"
"110","GET","/admin/scout-profiles","Scout 프로필 목록 조회","-","200:ScoutProfilePageResponse","400:{""oneOf"":[{""$ref"":""#/components/schemas/ErrorResponse""},{""$ref"":""#/components/schemas/ValidationErrorResponse""}]}|401:ErrorResponse|403:ErrorResponse","implemented","#207","src/api/adminScoutApi.ts::getAdminScoutProfiles -> src/api/adminPendingWorkApi.ts,src/hooks/useAdminScouts.ts","no","해당 없음","계약 존재; 실서버 QA 미수행","admin: documented","2026-09-16T10:57:26.133Z"
"111","GET","/admin/scout-profiles/{scoutUserId}","Scout 프로필 및 활동 자격 상세 조회","-","200:ScoutProfileResponse","401:ErrorResponse|403:ErrorResponse","implemented","#207","src/api/adminScoutApi.ts::getAdminScoutProfile -> src/hooks/useAdminScouts.ts","no","해당 없음","계약 존재; 실서버 QA 미수행","admin: documented","2026-09-16T10:57:26.133Z"
"112","POST","/admin/scout-profiles/{scoutUserId}/approve","Scout 프로필 승인","ScoutProfileReviewRequest","200:ScoutProfileResponse","400:{""oneOf"":[{""$ref"":""#/components/schemas/ErrorResponse""},{""$ref"":""#/components/schemas/ValidationErrorResponse""}]}|401:ErrorResponse|403:ErrorResponse|409:ScoutProfileResponse","partial","#207","src/api/adminScoutApi.ts::reviewAdminScoutProfile -> src/hooks/useAdminScouts.ts","no","작업 dialog 또는 form 검증","계약 존재; 실서버 QA 미수행","admin: documented","2026-09-16T10:57:26.133Z"
"113","POST","/admin/scout-profiles/{scoutUserId}/eligibility/grant","Scout 활동 자격 부여","ScoutActivityEligibilityGrantRequest","200:ScoutProfileResponse","400:{""oneOf"":[{""$ref"":""#/components/schemas/ErrorResponse""},{""$ref"":""#/components/schemas/ValidationErrorResponse""}]}|401:ErrorResponse|403:ErrorResponse","implemented","#207","src/api/adminScoutApi.ts::grantAdminScoutEligibility -> src/hooks/useAdminScouts.ts","no","작업 dialog 또는 form 검증","계약 존재; 실서버 QA 미수행","admin: documented","2026-09-16T10:57:26.133Z"
"114","POST","/admin/scout-profiles/{scoutUserId}/eligibility/revoke","Scout 활동 자격 회수","ScoutActivityEligibilityReviewRequest","200:ScoutProfileResponse","400:{""oneOf"":[{""$ref"":""#/components/schemas/ErrorResponse""},{""$ref"":""#/components/schemas/ValidationErrorResponse""}]}|401:ErrorResponse|403:ErrorResponse","partial","#207","src/api/adminScoutApi.ts::reviewAdminScoutEligibility -> src/hooks/useAdminScouts.ts","yes","경고 dialog + 명시적 확정","계약 존재; 실서버 QA 미수행","admin: documented","2026-09-16T10:57:26.133Z"
"115","POST","/admin/scout-profiles/{scoutUserId}/eligibility/suspend","Scout 활동 자격 정지","ScoutActivityEligibilityReviewRequest","200:ScoutProfileResponse","400:{""oneOf"":[{""$ref"":""#/components/schemas/ErrorResponse""},{""$ref"":""#/components/schemas/ValidationErrorResponse""}]}|401:ErrorResponse|403:ErrorResponse","partial","#207","src/api/adminScoutApi.ts::reviewAdminScoutEligibility -> src/hooks/useAdminScouts.ts","no","작업 dialog 또는 form 검증","계약 존재; 실서버 QA 미수행","admin: documented","2026-09-16T10:57:26.133Z"
"116","POST","/admin/scout-profiles/{scoutUserId}/revoke","Scout 프로필 회수","ScoutProfileReviewRequest","200:ScoutProfileResponse","400:{""oneOf"":[{""$ref"":""#/components/schemas/ErrorResponse""},{""$ref"":""#/components/schemas/ValidationErrorResponse""}]}|401:ErrorResponse|403:ErrorResponse","partial","#207","src/api/adminScoutApi.ts::reviewAdminScoutProfile -> src/hooks/useAdminScouts.ts","yes","경고 dialog + 명시적 확정","계약 존재; 실서버 QA 미수행","admin: documented","2026-09-16T10:57:26.133Z"
"117","POST","/admin/scout-profiles/{scoutUserId}/suspend","Scout 프로필 정지","ScoutProfileReviewRequest","200:ScoutProfileResponse","400:{""oneOf"":[{""$ref"":""#/components/schemas/ErrorResponse""},{""$ref"":""#/components/schemas/ValidationErrorResponse""}]}|401:ErrorResponse|403:ErrorResponse","partial","#207","src/api/adminScoutApi.ts::reviewAdminScoutProfile -> src/hooks/useAdminScouts.ts","no","작업 dialog 또는 form 검증","계약 존재; 실서버 QA 미수행","admin: documented","2026-09-16T10:57:26.133Z"
"118","GET","/admin/trust-score/anomalies","관리자 Trust Score 이상치 목록 조회","-","200:AdminTrustScoreAnomalyResponse","401:ErrorResponse|403:ErrorResponse","implemented","#207","src/api/adminTrustScoreApi.ts::getAdminTrustScoreAnomalies -> src/api/adminPendingWorkApi.ts,src/hooks/useAdminTrustScore.ts","no","해당 없음","계약 존재; 실서버 QA 미수행","admin: documented","2026-09-16T10:57:26.133Z"
"119","PATCH","/admin/trust-score/anomalies/{anomalyId}/resolve","관리자 Trust Score 이상치 해결 처리","AdminTrustScoreAnomalyResolveRequest","200:AdminTrustScoreAnomalyItem","400:{""oneOf"":[{""$ref"":""#/components/schemas/ErrorResponse""},{""$ref"":""#/components/schemas/ValidationErrorResponse""}]}|401:ErrorResponse|403:ErrorResponse","implemented","#207","src/api/adminTrustScoreApi.ts::resolveAdminTrustScoreAnomaly -> src/hooks/useAdminTrustScore.ts","no","작업 dialog 또는 form 검증","계약 존재; 실서버 QA 미수행","admin: documented","2026-09-16T10:57:26.133Z"
"120","POST","/admin/trust-score/batch/recalculate","관리자 Trust Score 일괄 재계산","-","200:AdminTrustScoreBatchResponse","401:ErrorResponse|403:ErrorResponse","implemented","#207","src/api/adminTrustScoreApi.ts::recalculateAdminTrustScores -> src/hooks/useAdminTrustScore.ts","yes","경고 dialog + 명시적 확정","계약 존재; 실서버 QA 미수행","admin: documented","2026-09-16T10:57:26.133Z"
"121","GET","/admin/trust-score/intervention-rules","관리자 Trust Score 개입 규칙 목록 조회","-","200:AdminTrustScoreInterventionRuleResponse","401:ErrorResponse|403:ErrorResponse","implemented","#207","src/api/adminTrustScoreApi.ts::getAdminTrustScoreRules -> src/hooks/useAdminTrustScore.ts","no","해당 없음","계약 존재; 실서버 QA 미수행","admin: documented","2026-09-16T10:57:26.133Z"
"122","POST","/admin/trust-score/intervention-rules","관리자 Trust Score 개입 규칙 생성","AdminTrustScoreInterventionRuleRequest","200:AdminTrustScoreInterventionRuleItem","400:{""oneOf"":[{""$ref"":""#/components/schemas/ErrorResponse""},{""$ref"":""#/components/schemas/ValidationErrorResponse""}]}|401:ErrorResponse|403:ErrorResponse","implemented","#207","src/api/adminTrustScoreApi.ts::createAdminTrustScoreRule -> src/hooks/useAdminTrustScore.ts","no","작업 dialog 또는 form 검증","계약 존재; 실서버 QA 미수행","admin: documented","2026-09-16T10:57:26.133Z"
"123","PUT","/admin/trust-score/intervention-rules/{ruleId}","관리자 Trust Score 개입 규칙 수정","AdminTrustScoreInterventionRuleRequest","200:AdminTrustScoreInterventionRuleItem","400:{""oneOf"":[{""$ref"":""#/components/schemas/ErrorResponse""},{""$ref"":""#/components/schemas/ValidationErrorResponse""}]}|401:ErrorResponse|403:ErrorResponse","implemented","#207","src/api/adminTrustScoreApi.ts::updateAdminTrustScoreRule -> src/hooks/useAdminTrustScore.ts","no","작업 dialog 또는 form 검증","계약 존재; 실서버 QA 미수행","admin: documented","2026-09-16T10:57:26.133Z"
"124","PATCH","/admin/trust-score/intervention-rules/{ruleId}/disable","관리자 Trust Score 개입 규칙 비활성화","-","200:AdminTrustScoreInterventionRuleToggleResponse","401:ErrorResponse|403:ErrorResponse","partial","#207","src/api/adminTrustScoreApi.ts::toggleAdminTrustScoreRule -> src/hooks/useAdminTrustScore.ts","yes","경고 dialog + 명시적 확정","계약 존재; 실서버 QA 미수행","admin: documented","2026-09-16T10:57:26.133Z"
"125","PATCH","/admin/trust-score/intervention-rules/{ruleId}/enable","관리자 Trust Score 개입 규칙 활성화","-","200:AdminTrustScoreInterventionRuleToggleResponse","401:ErrorResponse|403:ErrorResponse","partial","#207","src/api/adminTrustScoreApi.ts::toggleAdminTrustScoreRule -> src/hooks/useAdminTrustScore.ts","no","작업 dialog 또는 form 검증","계약 존재; 실서버 QA 미수행","admin: documented","2026-09-16T10:57:26.133Z"
"126","GET","/admin/trust-score/reporters/{reporterUserId}","신고자 신뢰 등급과 점수 근거 조회","-","200:AdminTrustScoreResponse","401:ErrorResponse|403:ErrorResponse|404:ErrorResponse","implemented","#207","src/api/adminTrustScoreApi.ts::getAdminTrustScore -> src/hooks/useAdminTrustScore.ts","no","해당 없음","계약 존재; 실서버 QA 미수행","admin: documented","2026-09-16T10:57:26.133Z"
"127","GET","/admin/trust-score/reporters/{reporterUserId}/history","신고자 Trust Score 변경 이력 조회","-","200:AdminTrustScoreChangeHistoryResponse","401:ErrorResponse|403:ErrorResponse","implemented","#207","src/api/adminTrustScoreApi.ts::getAdminTrustScoreHistory -> src/hooks/useAdminTrustScore.ts","no","해당 없음","계약 존재; 실서버 QA 미수행","admin: documented","2026-09-16T10:57:26.133Z"
"128","POST","/admin/trust-score/reporters/{reporterUserId}/interventions/evaluate","관리자 Trust Score 개입 규칙 수동 평가","-","200:AdminTrustScoreInterventionEvaluationResponse","401:ErrorResponse|403:ErrorResponse","implemented","#207","src/api/adminTrustScoreApi.ts::evaluateAdminTrustScoreReporter -> src/hooks/useAdminTrustScore.ts","no","작업 dialog 또는 form 검증","계약 존재; 실서버 QA 미수행","admin: documented","2026-09-16T10:57:26.133Z"
"129","GET","/admin/users/banned","밴 유저 목록 조회","-","200:AdminBannedUserResponse","401:ErrorResponse|403:ErrorResponse","implemented","#207","src/api/adminUserBanApi.ts::getAdminBannedUsers -> src/hooks/useAdminBannedUsers.ts","no","해당 없음","계약 존재; 실서버 QA 미수행","admin: documented","2026-09-16T10:57:26.133Z"
"130","GET","/admin/users/banned/{userId}","밴 유저 상세 조회","-","200:AdminBannedUserDetailResponse","401:ErrorResponse|403:ErrorResponse|404:ErrorResponse","implemented","#207","src/api/adminUserBanApi.ts::getAdminBannedUser -> src/hooks/useAdminBannedUsers.ts","no","해당 없음","계약 존재; 실서버 QA 미수행","admin: documented","2026-09-16T10:57:26.133Z"
"131","GET","/admin/users/role-targets","관리자 역할 부여 대상 사용자 검색","-","200:AdminRoleAssignmentTargetSearchResponse","401:ErrorResponse|403:ErrorResponse","partial","#207","src/api/adminTargetSearchApi.ts::searchAdminRoleTargets -> src/pages/userRole/UserRolePage.tsx","no","대상 선택 후 기존 역할 변경 확인 유지","계약 존재; 실서버 QA 미수행","admin: documented","2026-09-16T10:57:26.133Z"
"132","GET","/admin/users/{userId}/roles","관리자 역할 이력 조회","-","200:AdminRoleAssignmentResponse[]","401:ErrorResponse|403:ErrorResponse|404:ErrorResponse","partial","#207","src/api/adminUserRoleApi.ts::getAdminUserRoles -> src/hooks/useAdminUserRoles.ts","no","해당 없음","계약 존재; 실서버 QA 미수행","admin: documented","2026-09-16T10:57:26.133Z"
"133","POST","/admin/users/{userId}/roles","관리자 역할 부여","AdminRoleAssignmentRequest","200:AdminRoleAssignmentResponse","400:ErrorResponse|401:ErrorResponse|403:ErrorResponse|404:ErrorResponse|409:ErrorResponse","partial","#207","src/api/adminUserRoleApi.ts::assignAdminUserRole -> src/hooks/useAdminUserRoles.ts","no","경고 dialog + 변경 사유","계약 존재; 실서버 QA 미수행","admin: documented","2026-09-16T10:57:26.133Z"
"134","DELETE","/admin/users/{userId}/roles/{role}","관리자 역할 회수","AdminRoleAssignmentRevokeRequest","200:AdminRoleAssignmentResponse","400:{""oneOf"":[{""$ref"":""#/components/schemas/ErrorResponse""},{""$ref"":""#/components/schemas/ValidationErrorResponse""}]}|401:ErrorResponse|403:ErrorResponse|404:ErrorResponse","partial","#207","src/api/adminUserRoleApi.ts::revokeAdminUserRole -> src/hooks/useAdminUserRoles.ts","yes","경고 dialog + 변경 사유","계약 존재; 실서버 QA 미수행","admin: documented","2026-09-16T10:57:26.133Z"
"135","GET","/admin/users/{userId}/sanction","사용자 제재 상태 조회","-","200:AdminUserSanctionStatusResponse","401:ErrorResponse|403:ErrorResponse","implemented","#207","src/api/adminUserBanApi.ts::getAdminUserSanctionStatus -> src/hooks/useAdminBannedUsers.ts","no","해당 없음","계약 존재; 실서버 QA 미수행","admin: documented","2026-09-16T10:57:26.133Z"
"136","GET","/admin/users/{userId}/sanctions","사용자 제재 이력 조회","-","200:AdminUserSanctionHistoryResponse","400:ErrorResponse|401:ErrorResponse|403:ErrorResponse|404:ErrorResponse","implemented","#207","src/api/adminUserBanApi.ts::getAdminUserSanctionHistories -> src/hooks/useAdminBannedUsers.ts","no","해당 없음","계약 존재; 실서버 QA 미수행","admin: documented","2026-09-16T10:57:26.133Z"
"137","GET","/admin/verified-boost-products","관리자 Verified Boost 상품 목록 조회","-","200:VerifiedBoostProductPageResponse","401:ErrorResponse|403:ErrorResponse","implemented","#207","src/api/adminVerifiedBoostProductApi.ts::getAdminVerifiedBoostProducts -> src/hooks/useAdminVerifiedBoostProducts.ts","no","해당 없음","계약 존재; 실서버 QA 미수행","admin: documented","2026-09-16T10:57:26.133Z"
"138","POST","/admin/verified-boost-products","관리자 Verified Boost 상품 생성","VerifiedBoostProductCreateRequest","200:VerifiedBoostProductResponse","400:{""oneOf"":[{""$ref"":""#/components/schemas/ErrorResponse""},{""$ref"":""#/components/schemas/ValidationErrorResponse""}]}|401:ErrorResponse|403:ErrorResponse","implemented","#207","src/api/adminVerifiedBoostProductApi.ts::createAdminVerifiedBoostProduct -> src/hooks/useAdminVerifiedBoostProducts.ts","no","작업 dialog 또는 form 검증","계약 존재; 실서버 QA 미수행","admin: documented","2026-09-16T10:57:26.133Z"
"139","GET","/admin/verified-boost-products/{productId}","관리자 Verified Boost 상품 상세 조회","-","200:VerifiedBoostProductResponse","401:ErrorResponse|403:ErrorResponse","implemented","#207","src/api/adminVerifiedBoostProductApi.ts::getAdminVerifiedBoostProduct -> src/hooks/useAdminVerifiedBoostProducts.ts","no","해당 없음","계약 존재; 실서버 QA 미수행","admin: documented","2026-09-16T10:57:26.133Z"
"140","POST","/admin/verified-boost-products/{productId}/activate","Verified Boost 상품 활성화","-","200:VerifiedBoostProductResponse","401:ErrorResponse|403:ErrorResponse","implemented","#207","src/api/adminVerifiedBoostProductApi.ts::activateAdminVerifiedBoostProduct -> src/hooks/useAdminVerifiedBoostProducts.ts","no","작업 dialog 또는 form 검증","계약 존재; 실서버 QA 미수행","admin: documented","2026-09-16T10:57:26.133Z"
"141","POST","/admin/verified-boost-products/{productId}/deactivate","Verified Boost 상품 비활성화","-","200:VerifiedBoostProductResponse","401:ErrorResponse|403:ErrorResponse","implemented","#207","src/api/adminVerifiedBoostProductApi.ts::deactivateAdminVerifiedBoostProduct -> src/hooks/useAdminVerifiedBoostProducts.ts","no","작업 dialog 또는 form 검증","계약 존재; 실서버 QA 미수행","admin: documented","2026-09-16T10:57:26.133Z"
"142","GET","/admin/visitor-verification-reports","방문자 검증 제보 목록 조회","-","200:VisitorVerificationReportPageResponse","400:{""oneOf"":[{""$ref"":""#/components/schemas/ErrorResponse""},{""$ref"":""#/components/schemas/ValidationErrorResponse""}]}|401:ErrorResponse|403:ErrorResponse","implemented","#207","src/api/adminVisitorVerificationApi.ts::getAdminVisitorVerificationReports -> src/api/adminPendingWorkApi.ts,src/hooks/useAdminVisitorVerifications.ts","no","해당 없음","계약 존재; 실서버 QA 미수행","admin: documented","2026-09-16T10:57:26.133Z"
"143","GET","/admin/visitor-verification-reports/corrections","방문자 검증 제보 정정 목록 조회","-","200:VisitorVerificationReportCorrectionPageResponse","400:{""oneOf"":[{""$ref"":""#/components/schemas/ErrorResponse""},{""$ref"":""#/components/schemas/ValidationErrorResponse""}]}|401:ErrorResponse|403:ErrorResponse","implemented","#207","src/api/adminVisitorVerificationApi.ts::getAdminVisitorVerificationCorrections -> src/api/adminPendingWorkApi.ts,src/hooks/useAdminVisitorVerifications.ts","no","해당 없음","계약 존재; 실서버 QA 미수행","admin: documented","2026-09-16T10:57:26.133Z"
"144","POST","/admin/visitor-verification-reports/corrections/{correctionId}/review","방문자 검증 제보 정정 심사","VisitorVerificationReportCorrectionReviewRequest","200:VisitorVerificationReportCorrectionResponse","400:ErrorResponse|401:ErrorResponse|403:ErrorResponse|404:ErrorResponse|409:ErrorResponse","implemented","#207","src/api/adminVisitorVerificationApi.ts::reviewAdminVisitorVerificationCorrection -> src/hooks/useAdminVisitorVerifications.ts","no","작업 dialog 또는 form 검증","계약 존재; 실서버 QA 미수행","admin: documented","2026-09-16T10:57:26.133Z"
"145","POST","/admin/visitor-verification-reports/{reportId}/review","방문자 검증 제보 심사","VisitorVerificationReportReviewRequest","200:VisitorVerificationReportResponse","400:{""oneOf"":[{""$ref"":""#/components/schemas/ErrorResponse""},{""$ref"":""#/components/schemas/ValidationErrorResponse""}]}|401:ErrorResponse|403:ErrorResponse","implemented","#207","src/api/adminVisitorVerificationApi.ts::reviewAdminVisitorVerificationReport -> src/hooks/useAdminVisitorVerifications.ts","no","작업 dialog 또는 form 검증","계약 존재; 실서버 QA 미수행","admin: documented","2026-09-16T10:57:26.133Z"
"146","GET","/merchant-owner/availabilities","내 예약 가능 시간 목록 조회","-","200:AvailabilityResponse[]","401:ErrorResponse|403:ErrorResponse","partial","#207","src/api/merchantStoreApi.ts::getMerchantAvailabilities -> src/hooks/useMerchantReservationOperations.ts,src/hooks/useMerchantReservationProducts.ts,src/hooks/useMerchantReservationSetup.ts,src/hooks/useMerchantStore.ts","no","해당 없음","계약 존재; 실서버 QA 미수행","merchant: documented","2026-09-16T10:57:26.133Z"
"147","POST","/merchant-owner/availabilities","예약 가능 시간 등록","AvailabilityUpsertRequest","201:AvailabilityResponse","400:{""oneOf"":[{""$ref"":""#/components/schemas/ErrorResponse""},{""$ref"":""#/components/schemas/ValidationErrorResponse""}]}|401:ErrorResponse|403:ErrorResponse","partial","#207","src/api/merchantStoreApi.ts::createMerchantAvailability -> src/hooks/useMerchantReservationSetup.ts","review-required","호출 연결 확인; 작업 UI 검증 별도","계약 존재; 실서버 QA 미수행","merchant: documented","2026-09-16T10:57:26.133Z"
"148","PUT","/merchant-owner/availabilities/{availabilityId}","예약 가능 시간 수정","AvailabilityUpsertRequest","200:AvailabilityResponse","400:{""oneOf"":[{""$ref"":""#/components/schemas/ErrorResponse""},{""$ref"":""#/components/schemas/ValidationErrorResponse""}]}|401:ErrorResponse|403:ErrorResponse","partial","#207","src/api/merchantStoreApi.ts::updateMerchantAvailability -> src/hooks/useMerchantReservationSetup.ts","review-required","호출 연결 확인; 작업 UI 검증 별도","계약 존재; 실서버 QA 미수행","merchant: documented","2026-09-16T10:57:26.133Z"
"149","POST","/merchant-owner/availabilities/{availabilityId}/activate","예약 가능 시간 활성화","-","200:AvailabilityResponse","401:ErrorResponse|403:ErrorResponse","partial","#207","src/api/merchantStoreApi.ts::activateMerchantAvailability -> src/hooks/useMerchantReservationSetup.ts","review-required","호출 연결 확인; 작업 UI 검증 별도","계약 존재; 실서버 QA 미수행","merchant: documented","2026-09-16T10:57:26.133Z"
"150","POST","/merchant-owner/availabilities/{availabilityId}/deactivate","예약 가능 시간 비활성화","-","200:AvailabilityResponse","401:ErrorResponse|403:ErrorResponse","partial","#207","src/api/merchantStoreApi.ts::deactivateMerchantAvailability -> src/hooks/useMerchantReservationSetup.ts","review-required","호출 연결 확인; 작업 UI 검증 별도","계약 존재; 실서버 QA 미수행","merchant: documented","2026-09-16T10:57:26.133Z"
"151","GET","/merchant-owner/campaigns","내 팝업 캠페인 목록 조회","-","200:PopupCampaignPageResponse","401:ErrorResponse|403:ErrorResponse","partial","#207","src/api/merchantStoreApi.ts::getMerchantCampaigns -> src/hooks/useMerchantCampaigns.ts,src/hooks/useMerchantStore.ts","no","해당 없음","계약 존재; 실서버 QA 미수행","merchant: documented","2026-09-16T10:57:26.133Z"
"152","POST","/merchant-owner/campaigns","팝업 캠페인 초안 등록","PopupCampaignCreateRequest","201:PopupCampaignResponse","400:{""oneOf"":[{""$ref"":""#/components/schemas/ErrorResponse""},{""$ref"":""#/components/schemas/ValidationErrorResponse""}]}|401:ErrorResponse|403:ErrorResponse|404:ErrorResponse","partial","#207","src/api/merchantStoreApi.ts::createMerchantCampaign -> src/hooks/useMerchantCampaigns.ts","review-required","호출 연결 확인; 작업 UI 검증 별도","계약 존재; 실서버 QA 미수행","merchant: documented","2026-09-16T10:57:26.133Z"
"153","GET","/merchant-owner/campaigns/brands","내 브랜드 목록 조회","-","200:BrandPageResponse","401:ErrorResponse|403:ErrorResponse","partial","#207","src/api/merchantStoreApi.ts::getMerchantBrands -> src/hooks/useMerchantCampaigns.ts","no","해당 없음","계약 존재; 실서버 QA 미수행","merchant: documented","2026-09-16T10:57:26.133Z"
"154","POST","/merchant-owner/campaigns/brands","브랜드 등록","BrandCreateRequest","201:BrandResponse","400:{""oneOf"":[{""$ref"":""#/components/schemas/ErrorResponse""},{""$ref"":""#/components/schemas/ValidationErrorResponse""}]}|401:ErrorResponse|403:ErrorResponse|409:ErrorResponse","partial","#207","src/api/merchantStoreApi.ts::createMerchantBrand -> src/hooks/useMerchantCampaigns.ts","review-required","호출 연결 확인; 작업 UI 검증 별도","계약 존재; 실서버 QA 미수행","merchant: documented","2026-09-16T10:57:26.133Z"
"155","PATCH","/merchant-owner/campaigns/brands/{brandId}","내 브랜드 수정","BrandCreateRequest","200:BrandResponse","400:{""oneOf"":[{""$ref"":""#/components/schemas/ErrorResponse""},{""$ref"":""#/components/schemas/ValidationErrorResponse""}]}|401:ErrorResponse|403:ErrorResponse","partial","#207","src/api/merchantStoreApi.ts::updateMerchantBrand -> src/hooks/useMerchantCampaigns.ts","review-required","호출 연결 확인; 작업 UI 검증 별도","계약 존재; 실서버 QA 미수행","merchant: documented","2026-09-16T10:57:26.133Z"
"156","PATCH","/merchant-owner/campaigns/{campaignId}","팝업 캠페인 초안 수정","PopupCampaignCreateRequest","200:PopupCampaignResponse","400:{""oneOf"":[{""$ref"":""#/components/schemas/ErrorResponse""},{""$ref"":""#/components/schemas/ValidationErrorResponse""}]}|401:ErrorResponse|403:ErrorResponse","partial","#207","src/api/merchantStoreApi.ts::updateMerchantCampaign -> src/hooks/useMerchantCampaigns.ts","review-required","호출 연결 확인; 작업 UI 검증 별도","계약 존재; 실서버 QA 미수행","merchant: documented","2026-09-16T10:57:26.133Z"
"157","POST","/merchant-owner/campaigns/{campaignId}/close","팝업 캠페인 종료","-","200:PopupCampaignResponse","401:ErrorResponse|403:ErrorResponse","partial","#207","src/api/merchantStoreApi.ts::closeMerchantCampaign -> src/hooks/useMerchantCampaigns.ts","review-required","호출 연결 확인; 작업 UI 검증 별도","계약 존재; 실서버 QA 미수행","merchant: documented","2026-09-16T10:57:26.133Z"
"158","POST","/merchant-owner/campaigns/{campaignId}/publish","팝업 캠페인 공개","-","200:PopupCampaignResponse","401:ErrorResponse|403:ErrorResponse","partial","#207","src/api/merchantStoreApi.ts::publishMerchantCampaign -> src/hooks/useMerchantCampaigns.ts","review-required","호출 연결 확인; 작업 UI 검증 별도","계약 존재; 실서버 QA 미수행","merchant: documented","2026-09-16T10:57:26.133Z"
"159","POST","/merchant-owner/invitations/{invitationId}/accept","Merchant 장소 팀원 초대 수락","-","200:MerchantTeamMemberResponse","401:ErrorResponse|403:ErrorResponse|404:ErrorResponse|409:ErrorResponse|410:ErrorResponse","missing","#204","호출 근거 없음","review-required","호출 연결 확인; 작업 UI 검증 별도","팀원 관리는 현재 제품 범위 제외; 서버 차단 아님","merchant: documented","2026-09-16T10:57:26.133Z"
"160","GET","/merchant-owner/me","승인된 Merchant Owner 프로필 조회","-","200:MerchantOwnerProfileResponse","401:ErrorResponse|403:ErrorResponse","partial","#207","src/api/merchantStoreApi.ts::getMerchantOwnerProfile -> src/hooks/useMerchantCampaigns.ts,src/hooks/useMerchantOffers.ts,src/hooks/useMerchantOperatingNotices.ts,src/hooks/useMerchantPlaceMenus.ts,src/hooks/useMerchantPlaceOperations.ts,src/hooks/useMerchantPlaceReviews.ts,src/hooks/useMerchantReservationProducts.ts,src/hooks/useMerchantReservationSetup.ts,src/hooks/useMerchantStore.ts,src/hooks/useMerchantVerifiedBoost.ts","no","해당 없음","계약 존재; 실서버 QA 미수행","merchant: documented","2026-09-16T10:57:26.133Z"
"161","GET","/merchant-owner/offers","내 관광객 전용 Offer 목록 조회","-","200:OfferPageResponse","401:ErrorResponse|403:ErrorResponse","implemented","#160","src/api/merchantStoreApi.ts::getMerchantOffers -> src/hooks/useMerchantOffers.ts,src/hooks/useMerchantStore.ts","no","해당 없음","placeId/status/page/limit 현재 페이지 조회; 실서버 QA 미수행","merchant: documented","2026-09-16T10:57:26.133Z"
"162","POST","/merchant-owner/offers","관광객 전용 Offer 초안 등록","OfferCreateRequest","201:OfferResponse","400:ErrorResponse|401:ErrorResponse|403:ErrorResponse","partial","#207","src/api/merchantStoreApi.ts::createMerchantOffer -> src/hooks/useMerchantOffers.ts","review-required","호출 연결 확인; 작업 UI 검증 별도","계약 존재; 실서버 QA 미수행","merchant: documented","2026-09-16T10:57:26.133Z"
"163","POST","/merchant-owner/offers/coupons/redeem","관광객 Coupon 사용 처리","CouponRedeemRequest","200:CouponResponse","400:{""oneOf"":[{""$ref"":""#/components/schemas/ErrorResponse""},{""$ref"":""#/components/schemas/ValidationErrorResponse""}]}|401:ErrorResponse|403:ErrorResponse|404:ErrorResponse|409:ErrorResponse","partial","#207","src/api/merchantStoreApi.ts::redeemMerchantCoupon -> src/hooks/useMerchantOffers.ts","review-required","호출 연결 확인; 작업 UI 검증 별도","계약 존재; 실서버 QA 미수행","merchant: documented","2026-09-16T10:57:26.133Z"
"164","GET","/merchant-owner/offers/{offerId}","내 관광객 전용 Offer 상세 조회","-","200:OfferResponse","401:ErrorResponse|403:ErrorResponse|404:ErrorResponse","partial","#207","src/api/merchantStoreApi.ts::getMerchantOffer -> src/hooks/useMerchantOffers.ts","no","해당 없음","계약 존재; 실서버 QA 미수행","merchant: documented","2026-09-16T10:57:26.133Z"
"165","POST","/merchant-owner/offers/{offerId}/close","관광객 전용 Offer 종료","-","200:OfferResponse","401:ErrorResponse|403:ErrorResponse|404:ErrorResponse|409:ErrorResponse","partial","#207","src/api/merchantStoreApi.ts::closeMerchantOffer -> src/hooks/useMerchantOffers.ts","review-required","호출 연결 확인; 작업 UI 검증 별도","계약 존재; 실서버 QA 미수행","merchant: documented","2026-09-16T10:57:26.133Z"
"166","POST","/merchant-owner/offers/{offerId}/publish","관광객 전용 Offer 게시","-","200:OfferResponse","401:ErrorResponse|403:ErrorResponse|404:ErrorResponse|409:ErrorResponse","partial","#207","src/api/merchantStoreApi.ts::publishMerchantOffer -> src/hooks/useMerchantOffers.ts","review-required","호출 연결 확인; 작업 UI 검증 별도","계약 존재; 실서버 QA 미수행","merchant: documented","2026-09-16T10:57:26.133Z"
"167","GET","/merchant-owner/payments","소유 장소 결제 목록 조회","-","200:PaymentPageResponse","400:{""oneOf"":[{""$ref"":""#/components/schemas/ErrorResponse""},{""$ref"":""#/components/schemas/ValidationErrorResponse""}]}|401:ErrorResponse|403:ErrorResponse","implemented","#207","src/api/merchantStoreApi.ts::getMerchantPayments -> src/hooks/useMerchantPayments.ts","no","해당 없음","계약 존재; 실서버 QA 미수행","merchant: documented","2026-09-16T10:57:26.133Z"
"168","GET","/merchant-owner/payments/settlements","정산 원장 조회","-","200:SettlementLedgerPageResponse","400:{""oneOf"":[{""$ref"":""#/components/schemas/ErrorResponse""},{""$ref"":""#/components/schemas/ValidationErrorResponse""}]}|401:ErrorResponse|403:ErrorResponse","implemented","#207","src/api/merchantStoreApi.ts::getMerchantSettlementLedger -> src/hooks/useMerchantPayments.ts","no","해당 없음","계약 존재; 실서버 QA 미수행","merchant: documented","2026-09-16T10:57:26.133Z"
"169","POST","/merchant-owner/payments/{paymentId}/refund","결제 전액 환불","-","200:PaymentResponse","401:ErrorResponse|403:ErrorResponse","implemented","#207","src/api/merchantStoreApi.ts::refundMerchantPayment -> src/hooks/useMerchantPayments.ts","yes","전액 환불 확인 dialog","계약 존재; 실서버 QA 미수행","merchant: documented","2026-09-16T10:57:26.133Z"
"170","GET","/merchant-owner/performance","Merchant 성과 요약 조회","-","200:MerchantPerformanceResponse","401:ErrorResponse|403:ErrorResponse","implemented","#207","src/api/merchantStoreApi.ts::getMerchantPerformance -> src/hooks/useMerchantStore.ts","no","해당 없음","계약 존재; 실서버 QA 미수행","merchant: documented","2026-09-16T10:57:26.133Z"
"171","GET","/merchant-owner/place-information-reverification-requests","내 장소 정보 재확인 요청 목록 조회","-","200:PlaceInformationReverificationListResponse","400:{""oneOf"":[{""$ref"":""#/components/schemas/ErrorResponse""},{""$ref"":""#/components/schemas/ValidationErrorResponse""}]}|401:ErrorResponse|403:ErrorResponse","implemented","#207","src/api/merchantStoreApi.ts::getMerchantPlaceReverificationRequests -> src/hooks/useMerchantPlaceReverification.ts","no","해당 없음","계약 존재; 실서버 QA 미수행","merchant: documented","2026-09-16T10:57:26.133Z"
"172","POST","/merchant-owner/place-information-reverification-requests/{requestId}/responses","장소 정보 재확인 응답 제출","PlaceInformationReverificationResponseRequest","200:PlaceInformationReverificationResponse","400:{""oneOf"":[{""$ref"":""#/components/schemas/ErrorResponse""},{""$ref"":""#/components/schemas/ValidationErrorResponse""}]}|401:ErrorResponse|403:ErrorResponse","implemented","#207","src/api/merchantStoreApi.ts::respondMerchantPlaceReverificationRequest -> src/hooks/useMerchantPlaceReverification.ts","no","응답 내용 필수·요청 상태 및 기한 확인","계약 존재; 실서버 QA 미수행","merchant: documented","2026-09-16T10:57:26.133Z"
"173","GET","/merchant-owner/places/{placeId}","Merchant Owner 장소 상세 조회","-","200:MerchantOwnerPlaceDetailResponse","401:ErrorResponse|403:ErrorResponse","partial","#207","src/api/merchantStoreApi.ts::getMerchantPlaceDetail -> src/hooks/useMerchantPlaceOperations.ts,src/hooks/useMerchantPlaceReviews.ts","no","해당 없음","계약 존재; 실서버 QA 미수행","merchant: documented","2026-09-16T10:57:26.133Z"
"174","GET","/merchant-owner/places/{placeId}/information","Merchant 장소 정보 조회","-","200:MerchantPlaceInformationResponse","401:ErrorResponse|403:ErrorResponse|404:ErrorResponse","partial","#207","src/api/merchantStoreApi.ts::getMerchantPlaceInformation -> src/hooks/useMerchantStore.ts","no","해당 없음","계약 존재; 실서버 QA 미수행","merchant: documented","2026-09-16T10:57:26.133Z"
"175","PUT","/merchant-owner/places/{placeId}/information","Merchant 장소 정보 등록 및 수정","MerchantPlaceInformationUpdateRequest","200:MerchantPlaceInformationResponse","400:ValidationErrorResponse|401:ErrorResponse|403:ErrorResponse|404:ErrorResponse","partial","#207","src/api/merchantStoreApi.ts::updateMerchantPlaceInformation -> src/hooks/useMerchantStore.ts","review-required","호출 연결 확인; 작업 UI 검증 별도","계약 존재; 실서버 QA 미수행","merchant: documented","2026-09-16T10:57:26.133Z"
"176","GET","/merchant-owner/places/{placeId}/media","Merchant Owner 탐색 미디어 조회","-","200:MerchantOwnerMediaResponse","401:ErrorResponse|403:ErrorResponse","implemented","#207","src/api/merchantStoreApi.ts::getMerchantPlaceMedia -> src/hooks/useMerchantPlaceOperations.ts","no","useMerchantPlaceOperations; displayOrder 이동 위치/업로드 후 완료 등록","없음; 현재 문서 계약과 요청 필드 연결 확인","merchant: documented","2026-09-16T10:57:26.133Z"
"177","POST","/merchant-owner/places/{placeId}/media","Merchant Owner 업로드 완료 탐색 미디어 등록","MerchantOwnerMediaCreateRequest","201:PlaceMediaItem","400:{""oneOf"":[{""$ref"":""#/components/schemas/ErrorResponse""},{""$ref"":""#/components/schemas/ValidationErrorResponse""}]}|401:ErrorResponse|403:ErrorResponse","implemented","#207","src/api/merchantStoreApi.ts::createMerchantPlaceMedia -> src/hooks/useMerchantPlaceOperations.ts","review-required","useMerchantPlaceOperations; displayOrder 이동 위치/업로드 후 완료 등록","없음; 현재 문서 계약과 요청 필드 연결 확인","merchant: documented","2026-09-16T10:57:26.133Z"
"178","PUT","/merchant-owner/places/{placeId}/media/representative","Merchant Owner 대표 미디어 지정","MerchantOwnerRepresentativeMediaUpdateRequest","200:MerchantOwnerMediaResponse","400:{""oneOf"":[{""$ref"":""#/components/schemas/ErrorResponse""},{""$ref"":""#/components/schemas/ValidationErrorResponse""}]}|401:ErrorResponse|403:ErrorResponse","implemented","#207","src/api/merchantStoreApi.ts::updateMerchantRepresentativeMedia -> src/hooks/useMerchantPlaceOperations.ts","review-required","useMerchantPlaceOperations; displayOrder 이동 위치/업로드 후 완료 등록","없음; 현재 문서 계약과 요청 필드 연결 확인","merchant: documented","2026-09-16T10:57:26.133Z"
"179","POST","/merchant-owner/places/{placeId}/media/upload-url","Merchant Owner 탐색 미디어 업로드 URL 발급","MerchantOwnerMediaUploadRequest","200:MerchantOwnerMediaUploadResponse","400:{""oneOf"":[{""$ref"":""#/components/schemas/ErrorResponse""},{""$ref"":""#/components/schemas/ValidationErrorResponse""}]}|401:ErrorResponse|403:ErrorResponse","implemented","#207","src/api/merchantStoreApi.ts::requestMerchantPlaceMediaUploadUrl -> src/hooks/useMerchantPlaceOperations.ts","no","useMerchantPlaceOperations; displayOrder 이동 위치/업로드 후 완료 등록","없음; 현재 문서 계약과 요청 필드 연결 확인","merchant: documented","2026-09-16T10:57:26.133Z"
"180","DELETE","/merchant-owner/places/{placeId}/media/{mediaId}","Merchant Owner 탐색 미디어 삭제","-","200:-","401:ErrorResponse|403:ErrorResponse","implemented","#207","src/api/merchantStoreApi.ts::deleteMerchantPlaceMedia -> src/hooks/useMerchantPlaceOperations.ts","review-required","useMerchantPlaceOperations; displayOrder 이동 위치/업로드 후 완료 등록","없음; 현재 문서 계약과 요청 필드 연결 확인","merchant: documented","2026-09-16T10:57:26.133Z"
"181","PATCH","/merchant-owner/places/{placeId}/media/{mediaId}","Merchant Owner 탐색 미디어 순서 변경","MerchantOwnerMediaOrderUpdateRequest","200:PlaceMediaItem","400:{""oneOf"":[{""$ref"":""#/components/schemas/ErrorResponse""},{""$ref"":""#/components/schemas/ValidationErrorResponse""}]}|401:ErrorResponse|403:ErrorResponse","implemented","#207","src/api/merchantStoreApi.ts::updateMerchantPlaceMediaOrder -> src/hooks/useMerchantPlaceOperations.ts","no","useMerchantPlaceOperations; displayOrder 이동 위치/업로드 후 완료 등록","없음; 현재 문서 계약과 요청 필드 연결 확인","merchant: documented","2026-09-16T10:57:26.133Z"
"182","GET","/merchant-owner/places/{placeId}/members","Merchant 장소 팀원 목록 조회","-","200:MerchantTeamMemberResponse[]","401:ErrorResponse|403:ErrorResponse","missing","#204","호출 근거 없음","no","해당 없음","팀원 관리는 현재 제품 범위 제외; 서버 차단 아님","merchant: documented","2026-09-16T10:57:26.133Z"
"183","POST","/merchant-owner/places/{placeId}/members/invitations","Merchant 장소 팀원 초대","MerchantTeamInviteRequest","201:MerchantTeamInvitationResponse","400:{""oneOf"":[{""$ref"":""#/components/schemas/ErrorResponse""},{""$ref"":""#/components/schemas/ValidationErrorResponse""}]}|401:ErrorResponse|403:ErrorResponse|404:ErrorResponse|409:ErrorResponse","missing","#204","호출 근거 없음","review-required","호출 연결 확인; 작업 UI 검증 별도","팀원 관리는 현재 제품 범위 제외; 서버 차단 아님","merchant: documented","2026-09-16T10:57:26.133Z"
"184","DELETE","/merchant-owner/places/{placeId}/members/{memberId}","Merchant 장소 팀원 권한 회수","-","204:-","401:ErrorResponse|403:ErrorResponse","missing","#204","호출 근거 없음","review-required","호출 연결 확인; 작업 UI 검증 별도","팀원 관리는 현재 제품 범위 제외; 서버 차단 아님","merchant: documented","2026-09-16T10:57:26.133Z"
"185","PATCH","/merchant-owner/places/{placeId}/members/{memberId}","Merchant 장소 팀원 권한 변경","MerchantTeamRoleUpdateRequest","200:MerchantTeamMemberResponse","400:{""oneOf"":[{""$ref"":""#/components/schemas/ErrorResponse""},{""$ref"":""#/components/schemas/ValidationErrorResponse""}]}|401:ErrorResponse|403:ErrorResponse|404:ErrorResponse|409:ErrorResponse","missing","#204","호출 근거 없음","review-required","호출 연결 확인; 작업 UI 검증 별도","팀원 관리는 현재 제품 범위 제외; 서버 차단 아님","merchant: documented","2026-09-16T10:57:26.133Z"
"186","GET","/merchant-owner/places/{placeId}/menus","Merchant 장소 메뉴 목록 조회","-","200:PlaceMenuResponse[]","401:ErrorResponse|403:ErrorResponse","partial","#207","src/api/merchantStoreApi.ts::getMerchantPlaceMenus -> src/hooks/useMerchantPlaceMenus.ts","no","해당 없음","계약 존재; 실서버 QA 미수행","merchant: documented","2026-09-16T10:57:26.133Z"
"187","POST","/merchant-owner/places/{placeId}/menus","장소 메뉴 등록","PlaceMenuCreateRequest","201:PlaceMenuResponse","400:ErrorResponse|401:ErrorResponse|403:ErrorResponse","partial","#207","src/api/merchantStoreApi.ts::createMerchantPlaceMenu -> src/hooks/useMerchantPlaceMenus.ts","review-required","호출 연결 확인; 작업 UI 검증 별도","계약 존재; 실서버 QA 미수행","merchant: documented","2026-09-16T10:57:26.133Z"
"188","GET","/merchant-owner/places/{placeId}/menus/{menuId}","Merchant 장소 메뉴 상세 조회","-","200:PlaceMenuResponse","401:ErrorResponse|403:ErrorResponse","alternative","#207","메뉴 목록 또는 통합 신청 상세의 첨부 배열 사용; 단건 API 직접 호출 없음","no","해당 없음","계약 존재; 실서버 QA 미수행","merchant: documented","2026-09-16T10:57:26.133Z"
"189","PATCH","/merchant-owner/places/{placeId}/menus/{menuId}","Merchant 장소 메뉴 수정","PlaceMenuUpdateRequest","200:PlaceMenuResponse","400:{""oneOf"":[{""$ref"":""#/components/schemas/ErrorResponse""},{""$ref"":""#/components/schemas/ValidationErrorResponse""}]}|401:ErrorResponse|403:ErrorResponse","partial","#207","src/api/merchantStoreApi.ts::updateMerchantPlaceMenu -> src/hooks/useMerchantPlaceMenus.ts","review-required","호출 연결 확인; 작업 UI 검증 별도","계약 존재; 실서버 QA 미수행","merchant: documented","2026-09-16T10:57:26.133Z"
"190","POST","/merchant-owner/places/{placeId}/menus/{menuId}/deactivate","Merchant 장소 메뉴 비활성화","-","200:-","401:ErrorResponse|403:ErrorResponse","partial","#207","src/api/merchantStoreApi.ts::deactivateMerchantPlaceMenu -> src/hooks/useMerchantPlaceMenus.ts","review-required","호출 연결 확인; 작업 UI 검증 별도","계약 존재; 실서버 QA 미수행","merchant: documented","2026-09-16T10:57:26.133Z"
"191","PATCH","/merchant-owner/places/{placeId}/menus/{menuId}/order","Merchant 장소 메뉴 표시 순서 변경","PlaceMenuOrderRequest","200:PlaceMenuResponse","400:{""oneOf"":[{""$ref"":""#/components/schemas/ErrorResponse""},{""$ref"":""#/components/schemas/ValidationErrorResponse""}]}|401:ErrorResponse|403:ErrorResponse","partial","#207","src/api/merchantStoreApi.ts::updateMerchantPlaceMenuOrder -> src/hooks/useMerchantPlaceMenus.ts","review-required","호출 연결 확인; 작업 UI 검증 별도","계약 존재; 실서버 QA 미수행","merchant: documented","2026-09-16T10:57:26.133Z"
"192","PATCH","/merchant-owner/places/{placeId}/menus/{menuId}/status","Merchant 장소 메뉴 상태 변경","PlaceMenuStatusRequest","200:PlaceMenuResponse","400:{""oneOf"":[{""$ref"":""#/components/schemas/ErrorResponse""},{""$ref"":""#/components/schemas/ValidationErrorResponse""}]}|401:ErrorResponse|403:ErrorResponse","partial","#207","src/api/merchantStoreApi.ts::updateMerchantPlaceMenuStatus -> src/hooks/useMerchantPlaceMenus.ts","review-required","호출 연결 확인; 작업 UI 검증 별도","계약 존재; 실서버 QA 미수행","merchant: documented","2026-09-16T10:57:26.133Z"
"193","GET","/merchant-owner/places/{placeId}/operating","Merchant Owner 장소 운영 정보 조회","-","200:MerchantOwnerOperatingResponse","401:ErrorResponse|403:ErrorResponse","partial","#207","src/api/merchantStoreApi.ts::getMerchantPlaceOperating -> src/hooks/useMerchantPlaceOperations.ts","no","해당 없음","계약 존재; 실서버 QA 미수행","merchant: documented","2026-09-16T10:57:26.133Z"
"194","GET","/merchant-owner/places/{placeId}/operating-notices","점주 상점 운영 상태 공지 목록 조회","-","200:PlaceOperatingNoticeListResponse","401:ErrorResponse|403:ErrorResponse|404:ErrorResponse","partial","#207","src/api/merchantStoreApi.ts::getMerchantOperatingNotices -> src/hooks/useMerchantOperatingNotices.ts,src/hooks/useMerchantStore.ts","no","해당 없음","계약 존재; 실서버 QA 미수행","merchant: documented","2026-09-16T10:57:26.133Z"
"195","POST","/merchant-owner/places/{placeId}/operating-notices","점주 상점 운영 상태 공지 생성","PlaceOperatingNoticeCreateRequest","201:PlaceOperatingNoticeResponse","400:{""oneOf"":[{""$ref"":""#/components/schemas/ErrorResponse""},{""$ref"":""#/components/schemas/ValidationErrorResponse""}]}|401:ErrorResponse|403:ErrorResponse|404:ErrorResponse|409:ErrorResponse","partial","#207","src/api/merchantStoreApi.ts::createMerchantOperatingNotice -> src/hooks/useMerchantOperatingNotices.ts","review-required","호출 연결 확인; 작업 UI 검증 별도","계약 존재; 실서버 QA 미수행","merchant: documented","2026-09-16T10:57:26.133Z"
"196","PATCH","/merchant-owner/places/{placeId}/operating-notices/{noticeId}","점주 상점 운영 상태 공지 수정","PlaceOperatingNoticeUpdateRequest","200:PlaceOperatingNoticeResponse","400:{""oneOf"":[{""$ref"":""#/components/schemas/ErrorResponse""},{""$ref"":""#/components/schemas/ValidationErrorResponse""}]}|401:ErrorResponse|403:ErrorResponse|404:ErrorResponse","partial","#207","src/api/merchantStoreApi.ts::updateMerchantOperatingNotice -> src/hooks/useMerchantOperatingNotices.ts","review-required","호출 연결 확인; 작업 UI 검증 별도","계약 존재; 실서버 QA 미수행","merchant: documented","2026-09-16T10:57:26.133Z"
"197","POST","/merchant-owner/places/{placeId}/operating-notices/{noticeId}/cancel","점주 상점 운영 상태 공지 취소","PlaceOperatingNoticeCancelRequest","200:PlaceOperatingNoticeResponse","400:{""oneOf"":[{""$ref"":""#/components/schemas/ErrorResponse""},{""$ref"":""#/components/schemas/ValidationErrorResponse""}]}|401:ErrorResponse|403:ErrorResponse|404:ErrorResponse","partial","#207","src/api/merchantStoreApi.ts::cancelMerchantOperatingNotice -> src/hooks/useMerchantOperatingNotices.ts","review-required","호출 연결 확인; 작업 UI 검증 별도","계약 존재; 실서버 QA 미수행","merchant: documented","2026-09-16T10:57:26.133Z"
"198","PUT","/merchant-owner/places/{placeId}/operating-schedule","Merchant Owner 장소 영업시간 변경","MerchantOwnerOperatingScheduleUpdateRequest","200:MerchantOwnerOperatingScheduleResponse","400:{""oneOf"":[{""$ref"":""#/components/schemas/ErrorResponse""},{""$ref"":""#/components/schemas/ValidationErrorResponse""}]}|401:ErrorResponse|403:ErrorResponse","partial","#207","src/api/merchantStoreApi.ts::updateMerchantPlaceOperatingSchedule -> src/hooks/useMerchantPlaceOperations.ts","review-required","호출 연결 확인; 작업 UI 검증 별도","계약 존재; 실서버 QA 미수행","merchant: documented","2026-09-16T10:57:26.133Z"
"199","PATCH","/merchant-owner/places/{placeId}/operating-status","Merchant Owner 장소 운영 상태 변경","MerchantOwnerOperatingStatusUpdateRequest","200:MerchantOwnerOperatingResponse","400:{""oneOf"":[{""$ref"":""#/components/schemas/ErrorResponse""},{""$ref"":""#/components/schemas/ValidationErrorResponse""}]}|401:ErrorResponse|403:ErrorResponse","partial","#207","src/api/merchantStoreApi.ts::updateMerchantPlaceOperatingStatus -> src/hooks/useMerchantPlaceOperations.ts","review-required","호출 연결 확인; 작업 UI 검증 별도","계약 존재; 실서버 QA 미수행","merchant: documented","2026-09-16T10:57:26.133Z"
"200","GET","/merchant-owner/places/{placeId}/reviews","점주 리뷰 관리 목록 조회","-","200:MerchantPlaceReviewPageResponse","400:{""oneOf"":[{""$ref"":""#/components/schemas/ErrorResponse""},{""$ref"":""#/components/schemas/ValidationErrorResponse""}]}|401:ErrorResponse|403:ErrorResponse","partial","#217","src/api/merchantStoreApi.ts::getMerchantPlaceReviews -> src/hooks/useMerchantPlaceReviews.ts","no","해당 없음","recommendReasons/reviewMedia 표시 연동; 컴포넌트 모의 QA 완료; 실서버 QA 미수행","merchant: documented","2026-09-16T10:57:26.133Z"
"201","POST","/merchant-owner/places/{placeId}/reviews/{reviewId}/deletion-requests","점주 리뷰 숨김 및 삭제 신청","PlaceReviewDeletionRequestCreateRequest","200:MerchantPlaceReviewDeletionRequestResponse","400:{""oneOf"":[{""$ref"":""#/components/schemas/ErrorResponse""},{""$ref"":""#/components/schemas/ValidationErrorResponse""}]}|401:ErrorResponse|403:ErrorResponse","partial","#207","src/api/merchantStoreApi.ts::createMerchantPlaceReviewDeletionRequest -> src/hooks/useMerchantPlaceReviews.ts","review-required","호출 연결 확인; 작업 UI 검증 별도","계약 존재; 실서버 QA 미수행","merchant: documented","2026-09-16T10:57:26.133Z"
"202","GET","/merchant-owner/reservable-products","내 예약 상품 목록 조회","-","200:ReservableProductResponse[]","401:ErrorResponse|403:ErrorResponse","partial","#207","src/api/merchantStoreApi.ts::getMerchantReservableProducts -> src/hooks/useMerchantReservationOperations.ts,src/hooks/useMerchantReservationProducts.ts,src/hooks/useMerchantReservationSetup.ts","no","해당 없음","계약 존재; 실서버 QA 미수행","merchant: documented","2026-09-16T10:57:26.133Z"
"203","POST","/merchant-owner/reservable-products","예약 상품 등록","ReservableProductCreateRequest","201:ReservableProductResponse","400:{""oneOf"":[{""$ref"":""#/components/schemas/ErrorResponse""},{""$ref"":""#/components/schemas/ValidationErrorResponse""}]}|401:ErrorResponse|403:ErrorResponse","partial","#207","src/api/merchantStoreApi.ts::createMerchantReservableProduct -> src/hooks/useMerchantReservationProducts.ts","review-required","호출 연결 확인; 작업 UI 검증 별도","계약 존재; 실서버 QA 미수행","merchant: documented","2026-09-16T10:57:26.133Z"
"204","POST","/merchant-owner/reservable-products/{productId}/activate","예약 상품 활성화","-","200:ReservableProductResponse","401:ErrorResponse|403:ErrorResponse","partial","#207","src/api/merchantStoreApi.ts::activateMerchantReservableProduct -> src/hooks/useMerchantReservationProducts.ts","review-required","호출 연결 확인; 작업 UI 검증 별도","계약 존재; 실서버 QA 미수행","merchant: documented","2026-09-16T10:57:26.133Z"
"205","POST","/merchant-owner/reservable-products/{productId}/deactivate","예약 상품 비활성화","-","200:ReservableProductResponse","401:ErrorResponse|403:ErrorResponse","partial","#207","src/api/merchantStoreApi.ts::deactivateMerchantReservableProduct -> src/hooks/useMerchantReservationProducts.ts","review-required","호출 연결 확인; 작업 UI 검증 별도","계약 존재; 실서버 QA 미수행","merchant: documented","2026-09-16T10:57:26.133Z"
"206","GET","/merchant-owner/reservations","소유 장소 예약 목록 조회","-","200:ReservationPageResponse","400:{""oneOf"":[{""$ref"":""#/components/schemas/ErrorResponse""},{""$ref"":""#/components/schemas/ValidationErrorResponse""}]}|401:ErrorResponse|403:ErrorResponse","partial","#207","src/api/merchantStoreApi.ts::getMerchantReservations -> src/hooks/useMerchantReservationOperations.ts","no","해당 없음","계약 존재; 실서버 QA 미수행","merchant: documented","2026-09-16T10:57:26.133Z"
"207","POST","/merchant-owner/reservations/{reservationId}/cancel","예약 취소","-","200:ReservationResponse","401:ErrorResponse|403:ErrorResponse","partial","#207","src/api/merchantStoreApi.ts::cancelMerchantReservation -> src/hooks/useMerchantReservationOperations.ts","review-required","호출 연결 확인; 작업 UI 검증 별도","계약 존재; 실서버 QA 미수행","merchant: documented","2026-09-16T10:57:26.133Z"
"208","GET","/merchant-owner/verified-boost-executions","내 Verified Boost 집행 목록 조회","-","200:VerifiedBoostExecutionPageResponse","401:ErrorResponse|403:ErrorResponse","implemented","#207","src/api/merchantStoreApi.ts::getMerchantVerifiedBoostExecutions -> src/hooks/useMerchantVerifiedBoost.ts","no","해당 없음","계약 존재; 실서버 QA 미수행","merchant: documented","2026-09-16T10:57:26.133Z"
"209","POST","/merchant-owner/verified-boost-executions","Verified Boost 집행 시작","VerifiedBoostExecutionStartRequest","200:VerifiedBoostExecutionResponse","400:{""oneOf"":[{""$ref"":""#/components/schemas/ErrorResponse""},{""$ref"":""#/components/schemas/ValidationErrorResponse""}]}|401:ErrorResponse|403:ErrorResponse","implemented","#207","src/api/merchantStoreApi.ts::startMerchantVerifiedBoostExecution -> src/hooks/useMerchantVerifiedBoost.ts","no","선택 완료 항목에서만 시작","계약 존재; 실서버 QA 미수행","merchant: documented","2026-09-16T10:57:26.133Z"
"210","POST","/merchant-owner/verified-boost-executions/{executionId}/stop","Verified Boost 집행 중단","-","200:VerifiedBoostExecutionResponse","401:ErrorResponse|403:ErrorResponse","implemented","#207","src/api/merchantStoreApi.ts::stopMerchantVerifiedBoostExecution -> src/hooks/useMerchantVerifiedBoost.ts","yes","중단 확인 dialog + 명시적 확정","계약 존재; 실서버 QA 미수행","merchant: documented","2026-09-16T10:57:26.133Z"
"211","GET","/merchant-owner/verified-boost-products","선택 가능한 Verified Boost 활성 상품 목록 조회","-","200:MerchantVerifiedBoostProductPageResponse","401:ErrorResponse|403:ErrorResponse","implemented","#207","src/api/merchantStoreApi.ts::getMerchantVerifiedBoostProducts -> src/hooks/useMerchantVerifiedBoost.ts","no","해당 없음","계약 존재; 실서버 QA 미수행","merchant: documented","2026-09-16T10:57:26.133Z"
"212","GET","/merchant-owner/verified-boost-selections","내 Verified Boost 선택 목록 조회","-","200:VerifiedBoostSelectionPageResponse","401:ErrorResponse|403:ErrorResponse","implemented","#207","src/api/merchantStoreApi.ts::getMerchantVerifiedBoostSelections -> src/hooks/useMerchantVerifiedBoost.ts","no","해당 없음","계약 존재; 실서버 QA 미수행","merchant: documented","2026-09-16T10:57:26.133Z"
"213","POST","/merchant-owner/verified-boost-selections","Verified Boost 상품 선택","VerifiedBoostSelectionCreateRequest","200:VerifiedBoostSelectionResponse","400:{""oneOf"":[{""$ref"":""#/components/schemas/ErrorResponse""},{""$ref"":""#/components/schemas/ValidationErrorResponse""}]}|401:ErrorResponse|403:ErrorResponse","implemented","#207","src/api/merchantStoreApi.ts::createMerchantVerifiedBoostSelection -> src/hooks/useMerchantVerifiedBoost.ts","no","상품·장소를 확인한 뒤 명시적 선택","계약 존재; 실서버 QA 미수행","merchant: documented","2026-09-16T10:57:26.133Z"
"214","GET","/users/me/merchant-owner-profile","내 Merchant Owner 신청 조회","-","200:MerchantOwnerProfileResponse","401:ErrorResponse|403:ErrorResponse","implemented","#207","src/api/merchantOnboardingApi.ts::getMerchantOwnerApplicationProfile -> src/api/merchantOnboardingApi.ts","no","해당 없음","계약 존재; 실서버 QA 미수행","merchant: documented","2026-09-16T10:57:26.133Z"
"215","POST","/users/me/merchant-owner-profile","Merchant Owner 신청","MerchantOwnerProfileRequest","200:MerchantOwnerProfileResponse","400:{""oneOf"":[{""$ref"":""#/components/schemas/ErrorResponse""},{""$ref"":""#/components/schemas/ValidationErrorResponse""}]}|401:ErrorResponse|403:ErrorResponse","missing","#207","src/api/merchantOnboardingApi.ts::createMerchantOwnerApplicationProfile -> no callers","no","필수 입력·이메일 검증","계약 존재; 실서버 QA 미수행","merchant: documented","2026-09-16T10:57:26.133Z"
"216","PUT","/users/me/merchant-owner-profile","내 Merchant Owner 프로필 수정","MerchantOwnerProfileRequest","200:MerchantOwnerProfileResponse","400:{""oneOf"":[{""$ref"":""#/components/schemas/ErrorResponse""},{""$ref"":""#/components/schemas/ValidationErrorResponse""}]}|401:ErrorResponse|403:ErrorResponse","missing","#207","src/api/merchantOnboardingApi.ts::updateMerchantOwnerApplicationProfile -> no callers","no","필수 입력·이메일 검증","계약 존재; 실서버 QA 미수행","merchant: documented","2026-09-16T10:57:26.133Z"
"217","GET","/users/me/merchant-place-applications","내 Merchant 장소 신청 목록 조회","-","200:MerchantPlaceApplicationPageResponse","401:ErrorResponse|403:ErrorResponse","partial","#207","src/api/merchantPlaceApplicationApi.ts::getMerchantPlaceApplications -> src/api/merchantPlaceApplicationApi.ts","no","해당 없음","계약 존재; 실서버 QA 미수행","merchant: documented","2026-09-16T10:57:26.133Z"
"218","POST","/users/me/merchant-place-applications","Merchant 장소 신청 생성","MerchantPlaceApplicationRequest","200:MerchantPlaceApplicationResponse","400:{""oneOf"":[{""$ref"":""#/components/schemas/ErrorResponse""},{""$ref"":""#/components/schemas/ValidationErrorResponse""}]}|401:ErrorResponse|403:ErrorResponse","partial","#207","src/api/merchantPlaceApplicationApi.ts::createMerchantPlaceApplication -> src/hooks/useMerchantPlaceApplications.ts,src/hooks/useMerchantPlaceRegistrations.ts","review-required","호출 연결 확인; 작업 UI 검증 별도","계약 존재; 실서버 QA 미수행","merchant: documented","2026-09-16T10:57:26.133Z"
"219","GET","/users/me/merchant-place-applications/{applicationId}/attachments","Merchant 장소 신청 첨부파일 목록 조회","-","200:MerchantPlaceApplicationAttachmentResponse[]","401:ErrorResponse|403:ErrorResponse","alternative","#207","메뉴 목록 또는 통합 신청 상세의 첨부 배열 사용; 단건 API 직접 호출 없음","no","해당 없음","계약 존재; 실서버 QA 미수행","merchant: documented","2026-09-16T10:57:26.133Z"
"220","POST","/users/me/merchant-place-applications/{applicationId}/attachments","Merchant 장소 신청 첨부파일 업로드","{""properties"":{""file"":{""format"":""binary"",""type"":""string""}},""required"":[""file""],""type"":""object""}","200:MerchantPlaceApplicationAttachmentResponse","400:{""oneOf"":[{""$ref"":""#/components/schemas/ErrorResponse""},{""$ref"":""#/components/schemas/ValidationErrorResponse""}]}|401:ErrorResponse|403:ErrorResponse","partial","#207","src/api/merchantPlaceApplicationApi.ts::uploadMerchantPlaceApplicationAttachment -> src/hooks/useMerchantPlaceApplications.ts,src/hooks/useMerchantPlaceRegistrations.ts","review-required","호출 연결 확인; 작업 UI 검증 별도","계약 존재; 실서버 QA 미수행","merchant: documented","2026-09-16T10:57:26.133Z"
"221","POST","/users/me/merchant-place-applications/{applicationId}/attachments/reorder","Merchant 장소 신청 대표 이미지 순서 변경","-","200:-","401:ErrorResponse|403:ErrorResponse","partial","#207","src/api/merchantPlaceApplicationApi.ts::reorderMerchantPlaceApplicationAttachments -> src/hooks/useMerchantPlaceApplications.ts,src/hooks/useMerchantPlaceRegistrations.ts","review-required","호출 연결 확인; 작업 UI 검증 별도","계약 존재; 실서버 QA 미수행","merchant: documented","2026-09-16T10:57:26.133Z"
"222","DELETE","/users/me/merchant-place-applications/{applicationId}/attachments/{attachmentId}","Merchant 장소 신청 첨부파일 삭제","-","204:-","401:ErrorResponse|403:ErrorResponse","partial","#207","src/api/merchantPlaceApplicationApi.ts::deleteMerchantPlaceApplicationAttachment -> src/hooks/useMerchantPlaceApplications.ts,src/hooks/useMerchantPlaceRegistrations.ts","review-required","호출 연결 확인; 작업 UI 검증 별도","계약 존재; 실서버 QA 미수행","merchant: documented","2026-09-16T10:57:26.133Z"
"223","GET","/users/me/merchant-place-applications/{id}","Merchant 장소 신청 상세 조회","-","200:MerchantPlaceApplicationResponse","401:ErrorResponse|403:ErrorResponse","partial","#207","src/api/merchantPlaceApplicationApi.ts::getMerchantPlaceApplication -> src/hooks/useMerchantPlaceApplications.ts,src/hooks/useMerchantPlaceRegistrations.ts","no","해당 없음","계약 존재; 실서버 QA 미수행","merchant: documented","2026-09-16T10:57:26.133Z"
"224","PUT","/users/me/merchant-place-applications/{id}","Merchant 장소 신청 수정","MerchantPlaceApplicationRequest","200:MerchantPlaceApplicationResponse","400:{""oneOf"":[{""$ref"":""#/components/schemas/ErrorResponse""},{""$ref"":""#/components/schemas/ValidationErrorResponse""}]}|401:ErrorResponse|403:ErrorResponse","partial","#207","src/api/merchantPlaceApplicationApi.ts::updateMerchantPlaceApplication -> src/hooks/useMerchantPlaceApplications.ts,src/hooks/useMerchantPlaceRegistrations.ts","review-required","호출 연결 확인; 작업 UI 검증 별도","계약 존재; 실서버 QA 미수행","merchant: documented","2026-09-16T10:57:26.133Z"
"225","POST","/users/me/merchant-place-applications/{id}/cancel","Merchant 장소 신청 취소","-","200:MerchantPlaceApplicationResponse","401:ErrorResponse|403:ErrorResponse","partial","#207","src/api/merchantPlaceApplicationApi.ts::cancelMerchantPlaceApplication -> src/hooks/useMerchantPlaceApplications.ts,src/hooks/useMerchantPlaceRegistrations.ts","review-required","호출 연결 확인; 작업 UI 검증 별도","계약 존재; 실서버 QA 미수행","merchant: documented","2026-09-16T10:57:26.133Z"
"226","POST","/users/me/merchant-place-applications/{id}/reopen","Merchant 장소 신청 재개","-","200:MerchantPlaceApplicationResponse","401:ErrorResponse|403:ErrorResponse","partial","#207","src/api/merchantPlaceApplicationApi.ts::reopenMerchantPlaceApplication -> src/hooks/useMerchantPlaceApplications.ts,src/hooks/useMerchantPlaceRegistrations.ts","review-required","호출 연결 확인; 작업 UI 검증 별도","계약 존재; 실서버 QA 미수행","merchant: documented","2026-09-16T10:57:26.133Z"
"227","POST","/users/me/merchant-place-applications/{id}/submit","Merchant 장소 신청 제출","-","200:MerchantPlaceApplicationResponse","401:ErrorResponse|403:ErrorResponse","partial","#207","src/api/merchantPlaceApplicationApi.ts::submitMerchantPlaceApplication -> src/hooks/useMerchantPlaceApplications.ts,src/hooks/useMerchantPlaceRegistrations.ts","review-required","호출 연결 확인; 작업 UI 검증 별도","계약 존재; 실서버 QA 미수행","merchant: documented","2026-09-16T10:57:26.133Z"
"228","POST","/admin/ad","이벤트/광고 등록","AdminAdCreateRequest","201:AdminAdCreateResponse","400:-|401:-|403:-","removed","#207","호출 근거 없음","no","폼 검증","통합 신청 등 대체 사용; 구형 호출 근거 없음","현재 Admin/Merchant 문서에 없음; 서버 삭제 확정 아님","2026-09-16T10:57:26.133Z"
"229","DELETE","/admin/ad/{adId}","이벤트/광고 삭제","-","204:-","401:-|403:-|404:-","removed","#207","호출 근거 없음","yes","경고 dialog + 광고 제목 재입력","통합 신청 등 대체 사용; 구형 호출 근거 없음","현재 Admin/Merchant 문서에 없음; 서버 삭제 확정 아님","2026-09-16T10:57:26.133Z"
"230","GET","/admin/merchant-place-claims","상점 장소 Claim 요청 목록 조회","-","200:AdminMerchantPlaceClaimPageResponse","-","removed","#207","호출 근거 없음","no","해당 없음","통합 신청 등 대체 사용; 구형 호출 근거 없음","현재 Admin/Merchant 문서에 없음; 서버 삭제 확정 아님","2026-09-16T10:57:26.133Z"
"231","GET","/admin/merchant-place-claims/{claimId}","상점 장소 Claim 요청 상세 조회","-","200:AdminMerchantPlaceClaimResponse","-","removed","#207","호출 근거 없음","no","해당 없음","통합 신청 등 대체 사용; 구형 호출 근거 없음","현재 Admin/Merchant 문서에 없음; 서버 삭제 확정 아님","2026-09-16T10:57:26.133Z"
"232","POST","/admin/merchant-place-claims/{claimId}/review","상점 장소 Claim 요청 심사","MerchantPlaceClaimReviewRequest","200:AdminMerchantPlaceClaimResponse","-","removed","#207","호출 근거 없음","no","작업 dialog 또는 form 검증","통합 신청 등 대체 사용; 구형 호출 근거 없음","현재 Admin/Merchant 문서에 없음; 서버 삭제 확정 아님","2026-09-16T10:57:26.133Z"
"233","GET","/admin/merchant-verifications","Merchant 검증 신청 목록 조회","-","200:AdminMerchantVerificationPageResponse","400:ErrorResponse","removed","#203","호출 근거 없음","no","해당 없음","통합 신청 등 대체 사용; 구형 호출 근거 없음","현재 Admin/Merchant 문서에 없음; 서버 삭제 확정 아님","2026-09-16T10:57:26.133Z"
"234","GET","/admin/merchant-verifications/{userId}","Merchant 검증 신청 상세 조회","-","200:AdminMerchantVerificationResponse","404:ErrorResponse","removed","#203","호출 근거 없음","no","해당 없음","통합 신청 등 대체 사용; 구형 호출 근거 없음","현재 Admin/Merchant 문서에 없음; 서버 삭제 확정 아님","2026-09-16T10:57:26.133Z"
"235","POST","/admin/merchant-verifications/{userId}/review","Merchant 신원 및 사업자 수동 심사","MerchantVerificationReviewRequest","200:AdminMerchantVerificationResponse","400:ErrorResponse|404:ErrorResponse|409:ErrorResponse","removed","#203","호출 근거 없음","no","작업 dialog 또는 form 검증","통합 신청 등 대체 사용; 구형 호출 근거 없음","현재 Admin/Merchant 문서에 없음; 서버 삭제 확정 아님","2026-09-16T10:57:26.133Z"
"236","GET","/admin/place-registration-applications","관리자 장소 등록 신청 목록 조회","page,limit","200:PlaceRegistrationPageResponse","401:ErrorResponse|403:ErrorResponse","removed","#207","호출 근거 없음","no","해당 없음","통합 신청 등 대체 사용; 구형 호출 근거 없음","현재 Admin/Merchant 문서에 없음; 서버 삭제 확정 아님","2026-09-16T10:57:26.133Z"
"237","GET","/admin/place-registration-applications/{id}","관리자 장소 등록 신청 상세 조회","-","200:PlaceRegistrationResponse","401:ErrorResponse|403:ErrorResponse|404:ErrorResponse","removed","#207","호출 근거 없음","no","해당 없음","통합 신청 등 대체 사용; 구형 호출 근거 없음","현재 Admin/Merchant 문서에 없음; 서버 삭제 확정 아님","2026-09-16T10:57:26.133Z"
"238","POST","/admin/place-registration-applications/{id}/approve","관리자 장소 등록 신청 승인","PlaceRegistrationReviewRequest","200:PlaceRegistrationResponse","400:ErrorResponse|401:ErrorResponse|403:ErrorResponse|404:ErrorResponse|409:ErrorResponse","removed","#207","호출 근거 없음","no","심사 사유 + 확인 dialog","통합 신청 등 대체 사용; 구형 호출 근거 없음","현재 Admin/Merchant 문서에 없음; 서버 삭제 확정 아님","2026-09-16T10:57:26.133Z"
"239","GET","/admin/posts","관리자 게시글 목록 조회","-","200:AdminPostResponse","400:AdminPostResponse","removed","#207","호출 근거 없음","no","해당 없음","통합 신청 등 대체 사용; 구형 호출 근거 없음","현재 Admin/Merchant 문서에 없음; 서버 삭제 확정 아님","2026-09-16T10:57:26.133Z"
"240","GET","/admin/posts/{id}","관리자 게시글 상세 조회","-","200:AdminPostItem","404:-","removed","#207","호출 근거 없음","no","해당 없음","통합 신청 등 대체 사용; 구형 호출 근거 없음","현재 Admin/Merchant 문서에 없음; 서버 삭제 확정 아님","2026-09-16T10:57:26.133Z"
"241","GET","/admin/ad","광고 목록 조회","-","200:AdminAdListResponse","-","removed","#207","호출 근거 없음","no","해당 없음","통합 신청 등 대체 사용; 구형 호출 근거 없음","현재 Admin/Merchant 문서에 없음; 서버 삭제 확정 아님","2026-09-16T10:57:26.133Z"
"242","GET","/admin/ad/{adId}","광고 상세 조회","-","200:AdminAdListItem","-","removed","#207","호출 근거 없음","no","해당 없음","통합 신청 등 대체 사용; 구형 호출 근거 없음","현재 Admin/Merchant 문서에 없음; 서버 삭제 확정 아님","2026-09-16T10:57:26.133Z"
"243","GET","/users/me/merchant-verification","내 신원·사업자 검증 조회","-","200:MerchantVerificationResponse","401:ErrorResponse|404:ErrorResponse","removed","#203","호출 근거 없음","no","해당 없음","통합 신청 등 대체 사용; 구형 호출 근거 없음","현재 Admin/Merchant 문서에 없음; 서버 삭제 확정 아님","2026-09-16T10:57:26.133Z"
"244","POST","/users/me/merchant-verification","신원·사업자 검증 신청·재신청","MerchantVerificationRequest","201:MerchantVerificationResponse","400:ErrorResponse|401:ErrorResponse|404:ErrorResponse|409:ErrorResponse","removed","#203","호출 근거 없음","no","상점주 정보 선행·사업자등록번호 형식 검증","통합 신청 등 대체 사용; 구형 호출 근거 없음","현재 Admin/Merchant 문서에 없음; 서버 삭제 확정 아님","2026-09-16T10:57:26.133Z"
"245","PUT","/users/me/merchant-verification","내 신원·사업자 검증 수정","MerchantVerificationRequest","200:MerchantVerificationResponse","400:ErrorResponse|401:ErrorResponse|404:ErrorResponse|409:ErrorResponse","removed","#203","호출 근거 없음","no","상점주 정보 선행·사업자등록번호 형식 검증","통합 신청 등 대체 사용; 구형 호출 근거 없음","현재 Admin/Merchant 문서에 없음; 서버 삭제 확정 아님","2026-09-16T10:57:26.133Z"
"246","GET","/merchant-owner/place-claims","내 상점 장소 Claim 요청 목록 조회","-","200:MerchantPlaceClaimPageResponse","401:ErrorResponse|403:ErrorResponse","removed","#207","호출 근거 없음","no","해당 없음","통합 신청 등 대체 사용; 구형 호출 근거 없음","현재 Admin/Merchant 문서에 없음; 서버 삭제 확정 아님","2026-09-16T10:57:26.133Z"
"247","GET","/merchant-owner/place-claims/{claimId}","내 상점 장소 Claim 요청 상세 조회","-","200:MerchantPlaceClaimResponse","401:ErrorResponse|403:ErrorResponse|404:ErrorResponse","removed","#207","호출 근거 없음","no","해당 없음","통합 신청 등 대체 사용; 구형 호출 근거 없음","현재 Admin/Merchant 문서에 없음; 서버 삭제 확정 아님","2026-09-16T10:57:26.133Z"
"248","POST","/merchant-owner/place-claims","상점 장소 Claim 요청 생성","MerchantPlaceClaimRequest","201:MerchantPlaceClaimResponse","400:ErrorResponse|401:ErrorResponse|403:ErrorResponse|404:ErrorResponse|409:ErrorResponse","removed","#207","호출 근거 없음","no","장소 선택·신청 사유 필수","통합 신청 등 대체 사용; 구형 호출 근거 없음","현재 Admin/Merchant 문서에 없음; 서버 삭제 확정 아님","2026-09-16T10:57:26.133Z"
"249","POST","/merchant-owner/place-claims/{claimId}/cancel","상점 장소 Claim 요청 취소","-","200:MerchantPlaceClaimResponse","400:ErrorResponse|401:ErrorResponse|403:ErrorResponse|404:ErrorResponse","removed","#207","호출 근거 없음","yes","경고 dialog + 명시적 확정","통합 신청 등 대체 사용; 구형 호출 근거 없음","현재 Admin/Merchant 문서에 없음; 서버 삭제 확정 아님","2026-09-16T10:57:26.133Z"
"250","GET","/merchant-owner/place-claims/{claimId}/attachments","상점 장소 Claim 첨부파일 목록 조회","-","200:MerchantPlaceClaimAttachmentResponse[]","400:ErrorResponse|401:ErrorResponse|403:ErrorResponse|404:ErrorResponse","removed","#207","호출 근거 없음","no","해당 없음","통합 신청 등 대체 사용; 구형 호출 근거 없음","현재 Admin/Merchant 문서에 없음; 서버 삭제 확정 아님","2026-09-16T10:57:26.133Z"
"251","POST","/merchant-owner/place-claims/{claimId}/attachments","상점 장소 Claim 첨부파일 업로드","multipart/form-data(file,documentType)","200:MerchantPlaceClaimAttachmentResponse","400:ErrorResponse|401:ErrorResponse|403:ErrorResponse|404:ErrorResponse|409:ErrorResponse","removed","#207","호출 근거 없음","no","파일 유형·크기 검증","통합 신청 등 대체 사용; 구형 호출 근거 없음","현재 Admin/Merchant 문서에 없음; 서버 삭제 확정 아님","2026-09-16T10:57:26.133Z"
"252","POST","/merchant-owner/place-claims/{claimId}/attachments/reorder","상점 장소 Claim 대표 이미지 순서 변경","attachmentIds[]","200:-","400:ErrorResponse|401:ErrorResponse|403:ErrorResponse|404:ErrorResponse","removed","#207","호출 근거 없음","no","대표 이미지 전체 순서 검증","통합 신청 등 대체 사용; 구형 호출 근거 없음","현재 Admin/Merchant 문서에 없음; 서버 삭제 확정 아님","2026-09-16T10:57:26.133Z"
"253","DELETE","/merchant-owner/place-claims/{claimId}/attachments/{attachmentId}","상점 장소 Claim 첨부파일 삭제","-","204:-","400:ErrorResponse|401:ErrorResponse|403:ErrorResponse|404:ErrorResponse","removed","#207","호출 근거 없음","yes","경고 dialog + 명시적 확정","통합 신청 등 대체 사용; 구형 호출 근거 없음","현재 Admin/Merchant 문서에 없음; 서버 삭제 확정 아님","2026-09-16T10:57:26.133Z"
"254","GET","/admin/data-quality/issues","데이터 품질 이슈 목록 조회","-","200:DataQualityIssueResponse[]","401:ErrorResponse|403:ErrorResponse","blocked","#207","src/api/adminDataQualityApi.ts::getAdminDataQualityIssues -> src/hooks/useAdminDataQualityIssues.ts","no","최근 미해결 최대 100건 조회","사용 중 호출의 계약 확인 필요","현재 Admin/Merchant 문서에 없음; 서버 삭제 확정 아님","2026-09-16T10:57:26.133Z"
"255","POST","/admin/place-registration-applications/{id}/reject","관리자 장소 등록 신청 반려","PlaceRegistrationReviewRequest","200:PlaceRegistrationResponse","400:ErrorResponse|401:ErrorResponse|403:ErrorResponse|404:ErrorResponse|409:ErrorResponse","removed","#207","호출 근거 없음","yes","심사 사유 + 확인 dialog","통합 신청 등 대체 사용; 구형 호출 근거 없음","현재 Admin/Merchant 문서에 없음; 서버 삭제 확정 아님","2026-09-16T10:57:26.133Z"
"256","GET","/admin/merchant-place-claims/{claimId}/attachments","관리자 Merchant 장소 Claim 증빙 목록 조회","-","200:AdminMerchantPlaceClaimAttachmentResponse[]","401:ErrorResponse|403:ErrorResponse","removed","#207","호출 근거 없음","no","해당 없음","통합 신청 등 대체 사용; 구형 호출 근거 없음","현재 Admin/Merchant 문서에 없음; 서버 삭제 확정 아님","2026-09-16T10:57:26.133Z"
"257","GET","/admin/merchant-place-claims/{claimId}/attachments/{attachmentId}/content","관리자 Merchant 장소 Claim 증빙 다운로드","-","200:byte","401:ErrorResponse|403:ErrorResponse|404:ErrorResponse","removed","#207","호출 근거 없음","no","명시적 다운로드","통합 신청 등 대체 사용; 구형 호출 근거 없음","현재 Admin/Merchant 문서에 없음; 서버 삭제 확정 아님","2026-09-16T10:57:26.133Z"
